Question_ID,Domain,pred_answer,pred_doc_id,pred_page_num,top_doc,n_passes,votes,vote_confidence,vote_agreement,fast_mode,doc_rerank_skipped,doc_rerank_changed,doc_guard_changed,page_stage2_used,page_selector,answer_conditioning,selector_shortlist,dense_doc_margin,final_doc_margin,doc_length_pages,initial_page_margin,top_page_margin,page_margin,true_answer,true_doc_id,true_page_num,answer_correct,doc_correct,page_proximity,score
0,domain_2,E,4e779acee13fa6e0763fb33d1c83030b8e6ea33d.pdf,1,4e779acee13fa6e0763fb33d1c83030b8e6ea33d.pdf,3,E|E|E,1.000000,1.000000,False,False,False,False,False,same_doc_answer_aware,predicted_answer,,0.070221,0.000000,5,0.000000,0.000000,,E,4e779acee13fa6e0763fb33d1c83030b8e6ea33d.pdf,1,1.0,1.0,1.0,1.0
1,domain_1,B,72e790ea927cb79b08838bcd0e290c83fd4f6e06.pdf,3,72e790ea927cb79b08838bcd0e290c83fd4f6e06.pdf,3,B|B|B,1.000000,1.000000,False,False,False,False,False,same_doc_answer_aware,predicted_answer,,0.101579,0.000000,89,0.000000,0.000000,,B,72e790ea927cb79b08838bcd0e290c83fd4f6e06.pdf,3,1.0,1.0,1.0,1.0
2,domain_2,A,1caa31f28b0feabbe319d352bf58cb08adcc4dc8.pdf,8,1caa31f28b0feabbe319d352bf58cb08adcc4dc8.pdf,3,A|A|A,1.000000,1.000000,False,False,False,False,False,same_doc_answer_aware,predicted_answer,,0.088764,0.000000,15,0.000000,0.000000,,A,1caa31f28b0feabbe319d352bf58cb08adcc4dc8.pdf,7,1.0,1.0,0.9333333333333333,0.9833333333333334
3,domain_1,D,b59848334218c38574465a72b75d6b4744bb985f.pdf,97,b59848334218c38574465a72b75d6b4744bb985f.pdf,3,D|D|D,1.000000,1.000000,False,False,False,False,False,same_doc_answer_aware,predicted_answer,,0.036148,0.000000,101,0.000000,0.000000,,D,b59848334218c38574465a72b75d6b4744bb985f.pdf,22,1.0,1.0,0.25742574257425743,0.8143564356435644
4,domain_2,E,f4539bc3a79016285524705e25fee5a8d523db3d.pdf,1,f4539bc3a79016285524705e25fee5a8d523db3d.pdf,3,E|E|E,1.000000,1.000000,False,False,False,False,False,same_doc_answer_aware,predicted_answer,,0.129617,0.000000,8,0.000000,0.000000,,E,f4539bc3a79016285524705e25fee5a8d523db3d.pdf,1,1.0,1.0,1.0,1.0
5,domain_1,F,a066d97ba4ff355ede19dabfdf01860cfa04a6de.pdf,4,a066d97ba4ff355ede19dabfdf01860cfa04a6de.pdf,3,F|F|F,1.000000,1.000000,False,False,False,False,False,same_doc_answer_aware,predicted_answer,,0.075542,0.000000,66,0.000000,0.000000,,F,a066d97ba4ff355ede19dabfdf01860cfa04a6de.pdf,4,1.0,1.0,1.0,1.0
6,domain_2,A,f548cde5ba56c4e1d8aeca95c3e190f2711d6fa1.pdf,2,f548cde5ba56c4e1d8aeca95c3e190f2711d6fa1.pdf,3,A|A|A,1.000000,1.000000,False,False,False,False,False,same_doc_answer_aware,predicted_answer,,0.153092,0.000000,17,0.000000,0.000000,,A,f548cde5ba56c4e1d8aeca95c3e190f2711d6fa1.pdf,2,1.0,1.0,1.0,1.0
7,domain_2,B,f8e8ea2b7e82798862bc3d7b2753f2262642d889.pdf,4,f8e8ea2b7e82798862bc3d7b2753f2262642d889.pdf,3,B|B|B,1.000000,1.000000,False,False,False,False,False,same_doc_answer_aware,predicted_answer,,0.171665,0.000000,5,0.000000,0.000000,,B,f8e8ea2b7e82798862bc3d7b2753f2262642d889.pdf,4,1.0,1.0,1.0,1.0
8,domain_2,E,828b7ab8d9ead3e6f25ce173cd6f03cce5c800c1.pdf,2,828b7ab8d9ead3e6f25ce173cd6f03cce5c800c1.pdf,3,E|E|E,1.000000,1.000000,False,False,False,False,False,same_doc_answer_aware,predicted_answer,,0.043485,0.000000,7,0.000000,0.000000,,E,828b7ab8d9ead3e6f25ce173cd6f03cce5c800c1.pdf,2,1.0,1.0,1.0,1.0
9,domain_2,B,114aa3c7890f255d1134a31a22a29caae427a6f1.pdf,7,114aa3c7890f255d1134a31a22a29caae427a6f1.pdf,3,B|B|B,1.000000,1.000000,False,False,False,False,False,same_doc_answer_aware,predicted_answer,,0.085524,0.000000,9,0.000000,0.000000,,B,114aa3c7890f255d1134a31a22a29caae427a6f1.pdf,6,1.0,1.0,0.8888888888888888,0.9722222222222222
10,domain_1,C,41b8a1637eea9e8acb06eef16b1c2479e37e759c.pdf,40,41b8a1637eea9e8acb06eef16b1c2479e37e759c.pdf,3,C|C|C,1.000000,1.000000,False,False,False,False,False,same_doc_answer_aware,predicted_answer,,,,76,0.000000,0.000000,,C,41b8a1637eea9e8acb06eef16b1c2479e37e759c.pdf,41,1.0,1.0,0.9868421052631579,0.9967105263157895
11,domain_1,C,72e790ea927cb79b08838bcd0e290c83fd4f6e06.pdf,3,72e790ea927cb79b08838bcd0e290c83fd4f6e06.pdf,3,C|C|C,1.000000,1.000000,False,False,False,False,False,same_doc_answer_aware,predicted_answer,,0.120601,0.000000,89,0.000000,0.000000,,C,72e790ea927cb79b08838bcd0e290c83fd4f6e06.pdf,2,1.0,1.0,0.9887640449438202,0.997191011235955
12,domain_2,E,20e086e7585d5e496d67ed2313ceb5aa53b409b5.pdf,11,20e086e7585d5e496d67ed2313ceb5aa53b409b5.pdf,3,E|E|E,1.000000,1.000000,False,False,False,False,False,same_doc_answer_aware,predicted_answer,,0.155725,0.000000,13,0.000000,0.000000,,E,20e086e7585d5e496d67ed2313ceb5aa53b409b5.pdf,11,1.0,1.0,1.0,1.0
13,domain_1,A,31e80927922c1ffb86a2fcf32c073097d8f4ac72.pdf,26,31e80927922c1ffb86a2fcf32c073097d8f4ac72.pdf,3,A|A|A,1.000000,1.000000,False,False,False,False,False,same_doc_answer_aware,predicted_answer,,0.110676,0.000000,48,0.000000,0.000000,,A,31e80927922c1ffb86a2fcf32c073097d8f4ac72.pdf,27,1.0,1.0,0.9791666666666666,0.9947916666666666
14,domain_2,C,2827fbd42bc74ef48ac74ef40b90868b94b1da79.pdf,3,2827fbd42bc74ef48ac74ef40b90868b94b1da79.pdf,3,C|C|C,1.000000,1.000000,False,False,False,False,False,same_doc_answer_aware,predicted_answer,,0.033668,0.000000,7,0.000000,0.000000,,C,2827fbd42bc74ef48ac74ef40b90868b94b1da79.pdf,3,1.0,1.0,1.0,1.0
15,domain_2,A,780fd55597cd81f1cf0d1492926ab69cfb115d89.pdf,1,780fd55597cd81f1cf0d1492926ab69cfb115d89.pdf,3,A|A|A,1.000000,1.000000,False,False,False,False,False,same_doc_answer_aware,predicted_answer,,0.145844,0.000000,11,0.000000,0.000000,,A,780fd55597cd81f1cf0d1492926ab69cfb115d89.pdf,1,1.0,1.0,1.0,1.0
16,domain_2,F,828b7ab8d9ead3e6f25ce173cd6f03cce5c800c1.pdf,1,828b7ab8d9ead3e6f25ce173cd6f03cce5c800c1.pdf,3,F|F|F,1.000000,1.000000,False,False,False,False,False,same_doc_answer_aware,predicted_answer,,0.078136,0.000000,7,0.000000,0.000000,,F,828b7ab8d9ead3e6f25ce173cd6f03cce5c800c1.pdf,1,1.0,1.0,1.0,1.0
17,domain_2,F,780fd55597cd81f1cf0d1492926ab69cfb115d89.pdf,9,780fd55597cd81f1cf0d1492926ab69cfb115d89.pdf,3,F|F|F,1.000000,1.000000,False,False,False,False,False,same_doc_answer_aware,predicted_answer,,0.019747,0.000000,11,0.000000,0.000000,,F,780fd55597cd81f1cf0d1492926ab69cfb115d89.pdf,10,1.0,1.0,0.9090909090909091,0.9772727272727273
18,domain_1,F,cadef3fc7594662353b7c94387b63a926b5d92d3.pdf,5,cadef3fc7594662353b7c94387b63a926b5d92d3.pdf,3,F|F|F,1.000000,1.000000,False,False,False,False,False,same_doc_answer_aware,predicted_answer,,0.063520,0.000000,59,0.000000,0.000000,,F,cadef3fc7594662353b7c94387b63a926b5d92d3.pdf,5,1.0,1.0,1.0,1.0
19,domain_1,C,54a634188fe502d79e2653231c8ea286636142a0.pdf,52,54a634188fe502d79e2653231c8ea286636142a0.pdf,3,C|C|C,1.000000,1.000000,False,False,False,False,False,same_doc_answer_aware,predicted_answer,,0.071509,0.000000,173,0.000000,0.000000,,A,54a634188fe502d79e2653231c8ea286636142a0.pdf,104,0.0,1.0,0.699421965317919,0.42485549132947975
20,domain_1,D,b59848334218c38574465a72b75d6b4744bb985f.pdf,9,b59848334218c38574465a72b75d6b4744bb985f.pdf,3,D|D|D,1.000000,1.000000,False,False,False,False,False,same_doc_answer_aware,predicted_answer,,0.019085,0.000000,101,0.000000,0.000000,,D,b59848334218c38574465a72b75d6b4744bb985f.pdf,2,1.0,1.0,0.9306930693069306,0.9826732673267327
21,domain_2,F,20e086e7585d5e496d67ed2313ceb5aa53b409b5.pdf,1,20e086e7585d5e496d67ed2313ceb5aa53b409b5.pdf,3,F|F|F,1.000000,1.000000,False,False,False,False,False,same_doc_answer_aware,predicted_answer,,0.113029,0.000000,13,0.000000,0.000000,,F,20e086e7585d5e496d67ed2313ceb5aa53b409b5.pdf,1,1.0,1.0,1.0,1.0
22,domain_2,C,7db5015ac19c3cd7bb04118b38a228b3572a358c.pdf,1,7db5015ac19c3cd7bb04118b38a228b3572a358c.pdf,3,C|C|C,1.000000,1.000000,False,False,False,False,False,same_doc_answer_aware,predicted_answer,,0.047518,0.000000,3,0.000000,0.000000,,E,7db5015ac19c3cd7bb04118b38a228b3572a358c.pdf,2,0.0,1.0,0.6666666666666667,0.4166666666666667
23,domain_2,C,fc5f5d668b03d9b606779484d465efcb4436a6be.pdf,1,fc5f5d668b03d9b606779484d465efcb4436a6be.pdf,3,C|C|C,1.000000,1.000000,False,False,False,False,False,same_doc_answer_aware,predicted_answer,,0.163313,0.000000,4,0.000000,0.000000,,C,fc5f5d668b03d9b606779484d465efcb4436a6be.pdf,1,1.0,1.0,1.0,1.0
24,domain_2,C,f4539bc3a79016285524705e25fee5a8d523db3d.pdf,1,f4539bc3a79016285524705e25fee5a8d523db3d.pdf,3,C|C|C,1.000000,1.000000,False,False,False,False,False,same_doc_answer_aware,predicted_answer,,0.014989,0.000000,8,0.000000,0.000000,,C,f4539bc3a79016285524705e25fee5a8d523db3d.pdf,5,1.0,1.0,0.5,0.875
25,domain_2,A,60d1bee90467207fbbac980b346b932229542c73.pdf,7,60d1bee90467207fbbac980b346b932229542c73.pdf,3,A|A|A,1.000000,1.000000,False,False,False,False,False,same_doc_answer_aware,predicted_answer,,0.126524,0.000000,10,0.000000,0.000000,,A,60d1bee90467207fbbac980b346b932229542c73.pdf,3,1.0,1.0,0.6,0.9
26,domain_2,C,4e779acee13fa6e0763fb33d1c83030b8e6ea33d.pdf,1,4e779acee13fa6e0763fb33d1c83030b8e6ea33d.pdf,3,C|C|C,1.000000,1.000000,False,False,False,False,False,same_doc_answer_aware,predicted_answer,,0.048720,0.000000,5,0.000000,0.000000,,F,4e779acee13fa6e0763fb33d1c83030b8e6ea33d.pdf,1,0.0,1.0,1.0,0.5
27,domain_2,A,fb285f08989b559f0080c9dd096d3557860f919d.pdf,2,fb285f08989b559f0080c9dd096d3557860f919d.pdf,3,A|A|A,1.000000,1.000000,False,False,False,False,False,same_doc_answer_aware,predicted_answer,,0.017930,0.000000,3,0.000000,0.000000,,A,fb285f08989b559f0080c9dd096d3557860f919d.pdf,2,1.0,1.0,1.0,1.0
28,domain_2,C,5c75a2eb4814242f35871112bc657e36f813674b.pdf,1,5c75a2eb4814242f35871112bc657e36f813674b.pdf,3,C|C|C,1.000000,1.000000,False,False,False,False,False,same_doc_answer_aware,predicted_answer,,0.055986,0.000000,3,0.000000,0.000000,,C,5c75a2eb4814242f35871112bc657e36f813674b.pdf,1,1.0,1.0,1.0,1.0
29,domain_1,A,ac85a12a4483579ba8f51197b5c8ace05f5397e0.pdf,14,ac85a12a4483579ba8f51197b5c8ace05f5397e0.pdf,3,A|A|A,1.000000,1.000000,False,False,False,False,False,same_doc_answer_aware,predicted_answer,,0.082143,0.000000,25,0.000000,0.000000,,A,ac85a12a4483579ba8f51197b5c8ace05f5397e0.pdf,12,1.0,1.0,0.92,0.98
30,domain_2,E,20e086e7585d5e496d67ed2313ceb5aa53b409b5.pdf,2,20e086e7585d5e496d67ed2313ceb5aa53b409b5.pdf,3,E|E|E,1.000000,1.000000,False,False,False,False,False,same_doc_answer_aware,predicted_answer,,0.130196,0.000000,13,0.000000,0.000000,,E,20e086e7585d5e496d67ed2313ceb5aa53b409b5.pdf,2,1.0,1.0,1.0,1.0
31,domain_2,F,556be4e553eab6942598e58cfa02b6aaa553a0e5.pdf,1,556be4e553eab6942598e58cfa02b6aaa553a0e5.pdf,3,F|F|F,1.000000,1.000000,False,False,False,False,False,same_doc_answer_aware,predicted_answer,,0.165300,0.000000,3,0.000000,0.000000,,F,556be4e553eab6942598e58cfa02b6aaa553a0e5.pdf,1,1.0,1.0,1.0,1.0
32,domain_1,A,cadef3fc7594662353b7c94387b63a926b5d92d3.pdf,36,cadef3fc7594662353b7c94387b63a926b5d92d3.pdf,3,A|A|A,1.000000,1.000000,False,False,False,False,False,same_doc_answer_aware,predicted_answer,,,,59,0.000000,0.000000,,A,cadef3fc7594662353b7c94387b63a926b5d92d3.pdf,5,1.0,1.0,0.47457627118644063,0.8686440677966102
33,domain_2,D,f8e8ea2b7e82798862bc3d7b2753f2262642d889.pdf,2,f8e8ea2b7e82798862bc3d7b2753f2262642d889.pdf,3,D|D|D,1.000000,1.000000,False,False,False,False,False,same_doc_answer_aware,predicted_answer,,0.097035,0.000000,5,0.000000,0.000000,,D,f8e8ea2b7e82798862bc3d7b2753f2262642d889.pdf,1,1.0,1.0,0.8,0.95
34,domain_2,F,fc5f5d668b03d9b606779484d465efcb4436a6be.pdf,1,fc5f5d668b03d9b606779484d465efcb4436a6be.pdf,3,F|F|F,1.000000,1.000000,False,False,False,False,False,same_doc_answer_aware,predicted_answer,,0.200515,0.000000,4,0.000000,0.000000,,F,fc5f5d668b03d9b606779484d465efcb4436a6be.pdf,1,1.0,1.0,1.0,1.0
35,domain_1,A,cadef3fc7594662353b7c94387b63a926b5d92d3.pdf,7,cadef3fc7594662353b7c94387b63a926b5d92d3.pdf,3,A|A|A,1.000000,1.000000,False,False,False,False,False,same_doc_answer_aware,predicted_answer,,,,59,0.000000,0.000000,,A,cadef3fc7594662353b7c94387b63a926b5d92d3.pdf,7,1.0,1.0,1.0,1.0
36,domain_2,C,f8e8ea2b7e82798862bc3d7b2753f2262642d889.pdf,2,f8e8ea2b7e82798862bc3d7b2753f2262642d889.pdf,3,C|C|C,1.000000,1.000000,False,False,False,False,False,same_doc_answer_aware,predicted_answer,,0.130452,0.000000,5,0.000000,0.000000,,C,f8e8ea2b7e82798862bc3d7b2753f2262642d889.pdf,2,1.0,1.0,1.0,1.0
37,domain_2,C,9d2df2f02cd5d57fe401497c3e64e47a3994112d.pdf,1,9d2df2f02cd5d57fe401497c3e64e47a3994112d.pdf,3,C|C|C,1.000000,1.000000,False,False,False,False,False,same_doc_answer_aware,predicted_answer,,0.098719,0.000000,5,0.000000,0.000000,,C,9d2df2f02cd5d57fe401497c3e64e47a3994112d.pdf,4,1.0,1.0,0.4,0.85
38,domain_2,E,67bfbcbe3cfd8f845785a8664b9b73b6b4751d72.pdf,2,67bfbcbe3cfd8f845785a8664b9b73b6b4751d72.pdf,3,E|E|E,1.000000,1.000000,False,False,False,False,False,same_doc_answer_aware,predicted_answer,,0.009451,0.000000,4,0.000000,0.000000,,E,67bfbcbe3cfd8f845785a8664b9b73b6b4751d72.pdf,3,1.0,1.0,0.75,0.9375
39,domain_2,E,60f2d879c17e5e6967e40c2315b8d46a987bda47.pdf,11,60f2d879c17e5e6967e40c2315b8d46a987bda47.pdf,3,E|E|E,1.000000,1.000000,False,False,False,False,False,same_doc_answer_aware,predicted_answer,,0.192899,0.000000,22,0.000000,0.000000,,E,60f2d879c17e5e6967e40c2315b8d46a987bda47.pdf,3,1.0,1.0,0.6363636363636364,0.9090909090909091
40,domain_2,E,780fd55597cd81f1cf0d1492926ab69cfb115d89.pdf,10,780fd55597cd81f1cf0d1492926ab69cfb115d89.pdf,3,E|E|E,1.000000,1.000000,False,False,False,False,False,same_doc_answer_aware,predicted_answer,,0.004168,0.000000,11,0.000000,0.000000,,E,f4539bc3a79016285524705e25fee5a8d523db3d.pdf,7,1.0,0.0,0.0,0.5
41,domain_1,F,72e790ea927cb79b08838bcd0e290c83fd4f6e06.pdf,2,72e790ea927cb79b08838bcd0e290c83fd4f6e06.pdf,3,F|F|F,1.000000,1.000000,False,False,False,False,False,same_doc_answer_aware,predicted_answer,,0.036296,0.000000,89,0.000000,0.000000,,F,72e790ea927cb79b08838bcd0e290c83fd4f6e06.pdf,13,1.0,1.0,0.8764044943820225,0.9691011235955056
42,domain_1,E,b59848334218c38574465a72b75d6b4744bb985f.pdf,10,b59848334218c38574465a72b75d6b4744bb985f.pdf,3,E|E|E,1.000000,1.000000,False,False,False,False,False,same_doc_answer_aware,predicted_answer,,0.095545,0.000000,101,0.000000,0.000000,,E,b59848334218c38574465a72b75d6b4744bb985f.pdf,3,1.0,1.0,0.9306930693069306,0.9826732673267327
43,domain_2,D,114aa3c7890f255d1134a31a22a29caae427a6f1.pdf,1,114aa3c7890f255d1134a31a22a29caae427a6f1.pdf,3,D|D|D,1.000000,1.000000,False,False,False,False,False,same_doc_answer_aware,predicted_answer,,0.123224,0.000000,9,0.000000,0.000000,,D,114aa3c7890f255d1134a31a22a29caae427a6f1.pdf,1,1.0,1.0,1.0,1.0
44,domain_1,F,a066d97ba4ff355ede19dabfdf01860cfa04a6de.pdf,10,a066d97ba4ff355ede19dabfdf01860cfa04a6de.pdf,3,F|F|F,1.000000,1.000000,False,False,False,False,False,same_doc_answer_aware,predicted_answer,,0.023875,0.000000,66,0.000000,0.000000,,F,a066d97ba4ff355ede19dabfdf01860cfa04a6de.pdf,9,1.0,1.0,0.9848484848484849,0.9962121212121212
45,domain_2,F,114aa3c7890f255d1134a31a22a29caae427a6f1.pdf,4,114aa3c7890f255d1134a31a22a29caae427a6f1.pdf,3,F|F|F,1.000000,1.000000,False,False,False,False,False,same_doc_answer_aware,predicted_answer,,0.071393,0.000000,9,0.000000,0.000000,,F,114aa3c7890f255d1134a31a22a29caae427a6f1.pdf,2,1.0,1.0,0.7777777777777778,0.9444444444444444
46,domain_1,A,b59848334218c38574465a72b75d6b4744bb985f.pdf,9,b59848334218c38574465a72b75d6b4744bb985f.pdf,3,A|A|A,1.000000,1.000000,False,False,False,False,False,same_doc_answer_aware,predicted_answer,,0.045837,0.000000,101,0.000000,0.000000,,D,b59848334218c38574465a72b75d6b4744bb985f.pdf,9,0.0,1.0,1.0,0.5
47,domain_1,C,54a634188fe502d79e2653231c8ea286636142a0.pdf,119,54a634188fe502d79e2653231c8ea286636142a0.pdf,3,C|C|C,1.000000,1.000000,False,False,False,False,False,same_doc_answer_aware,predicted_answer,,0.128346,0.000000,173,0.000000,0.000000,,C,54a634188fe502d79e2653231c8ea286636142a0.pdf,87,1.0,1.0,0.815028901734104,0.953757225433526
48,domain_2,B,67bfbcbe3cfd8f845785a8664b9b73b6b4751d72.pdf,2,67bfbcbe3cfd8f845785a8664b9b73b6b4751d72.pdf,3,B|B|B,1.000000,1.000000,False,False,False,False,False,same_doc_answer_aware,predicted_answer,,0.056778,0.000000,4,0.000000,0.000000,,B,67bfbcbe3cfd8f845785a8664b9b73b6b4751d72.pdf,2,1.0,1.0,1.0,1.0
49,domain_2,B,f548cde5ba56c4e1d8aeca95c3e190f2711d6fa1.pdf,14,f548cde5ba56c4e1d8aeca95c3e190f2711d6fa1.pdf,3,B|B|B,1.000000,1.000000,False,False,False,False,False,same_doc_answer_aware,predicted_answer,,0.148070,0.000000,17,0.000000,0.000000,,B,f548cde5ba56c4e1d8aeca95c3e190f2711d6fa1.pdf,14,1.0,1.0,1.0,1.0
50,domain_2,D,51fc038fd5ddeade0c2c261e2b56508b287bab98.pdf,1,51fc038fd5ddeade0c2c261e2b56508b287bab98.pdf,3,D|D|D,1.000000,1.000000,False,False,False,False,False,same_doc_answer_aware,predicted_answer,,0.137791,0.000000,3,0.000000,0.000000,,D,51fc038fd5ddeade0c2c261e2b56508b287bab98.pdf,2,1.0,1.0,0.6666666666666667,0.9166666666666667
51,domain_2,D,5ae9814fac3ba1f5048ce716f15304d3ead03823.pdf,11,5ae9814fac3ba1f5048ce716f15304d3ead03823.pdf,3,D|D|D,1.000000,1.000000,False,False,False,False,False,same_doc_answer_aware,predicted_answer,,0.004720,0.000000,16,0.000000,0.000000,,D,5ae9814fac3ba1f5048ce716f15304d3ead03823.pdf,11,1.0,1.0,1.0,1.0
52,domain_2,D,fc5f5d668b03d9b606779484d465efcb4436a6be.pdf,2,fc5f5d668b03d9b606779484d465efcb4436a6be.pdf,3,D|D|D,1.000000,1.000000,False,False,False,False,False,same_doc_answer_aware,predicted_answer,,0.123319,0.000000,4,0.000000,0.000000,,D,fc5f5d668b03d9b606779484d465efcb4436a6be.pdf,2,1.0,1.0,1.0,1.0
53,domain_2,B,4e779acee13fa6e0763fb33d1c83030b8e6ea33d.pdf,3,4e779acee13fa6e0763fb33d1c83030b8e6ea33d.pdf,3,B|B|B,1.000000,1.000000,False,False,False,False,False,same_doc_answer_aware,predicted_answer,,0.074081,0.000000,5,0.000000,0.000000,,B,4e779acee13fa6e0763fb33d1c83030b8e6ea33d.pdf,3,1.0,1.0,1.0,1.0
54,domain_2,D,9d2df2f02cd5d57fe401497c3e64e47a3994112d.pdf,1,9d2df2f02cd5d57fe401497c3e64e47a3994112d.pdf,3,D|D|D,1.000000,1.000000,False,False,False,False,False,same_doc_answer_aware,predicted_answer,,0.080766,0.000000,5,0.000000,0.000000,,D,9d2df2f02cd5d57fe401497c3e64e47a3994112d.pdf,4,1.0,1.0,0.4,0.85
55,domain_2,A,b0e35f26831baa753925da047ca36d318a100825.pdf,1,b0e35f26831baa753925da047ca36d318a100825.pdf,3,A|A|A,1.000000,1.000000,False,False,False,False,False,same_doc_answer_aware,predicted_answer,,0.140272,0.000000,4,0.000000,0.000000,,A,b0e35f26831baa753925da047ca36d318a100825.pdf,1,1.0,1.0,1.0,1.0
56,domain_1,A,759dfc8486c0f02391d7cfc1fed753b0608fc601.pdf,63,759dfc8486c0f02391d7cfc1fed753b0608fc601.pdf,3,A|A|A,1.000000,1.000000,False,False,False,False,False,same_doc_answer_aware,predicted_answer,,,,79,0.000000,0.000000,,A,759dfc8486c0f02391d7cfc1fed753b0608fc601.pdf,35,1.0,1.0,0.6455696202531646,0.9113924050632911
57,domain_2,E,67bfbcbe3cfd8f845785a8664b9b73b6b4751d72.pdf,2,67bfbcbe3cfd8f845785a8664b9b73b6b4751d72.pdf,3,E|E|E,1.000000,1.000000,False,False,False,False,False,same_doc_answer_aware,predicted_answer,,0.081130,0.000000,4,0.000000,0.000000,,E,67bfbcbe3cfd8f845785a8664b9b73b6b4751d72.pdf,2,1.0,1.0,1.0,1.0
58,domain_2,C,1026d4282a0fb8d22694301adc83729950c8498b.pdf,1,1026d4282a0fb8d22694301adc83729950c8498b.pdf,3,C|C|C,1.000000,1.000000,False,False,False,False,False,same_doc_answer_aware,predicted_answer,,0.165972,0.000000,6,0.000000,0.000000,,C,1026d4282a0fb8d22694301adc83729950c8498b.pdf,1,1.0,1.0,1.0,1.0
59,domain_1,D,72e790ea927cb79b08838bcd0e290c83fd4f6e06.pdf,6,72e790ea927cb79b08838bcd0e290c83fd4f6e06.pdf,3,D|D|D,1.000000,1.000000,False,False,False,False,False,same_doc_answer_aware,predicted_answer,,0.062614,0.000000,89,0.000000,0.000000,,D,72e790ea927cb79b08838bcd0e290c83fd4f6e06.pdf,6,1.0,1.0,1.0,1.0
60,domain_1,A,a066d97ba4ff355ede19dabfdf01860cfa04a6de.pdf,7,a066d97ba4ff355ede19dabfdf01860cfa04a6de.pdf,3,A|A|A,1.000000,1.000000,False,False,False,False,False,same_doc_answer_aware,predicted_answer,,0.045069,0.000000,66,0.000000,0.000000,,A,a066d97ba4ff355ede19dabfdf01860cfa04a6de.pdf,6,1.0,1.0,0.9848484848484849,0.9962121212121212
61,domain_2,E,51fc038fd5ddeade0c2c261e2b56508b287bab98.pdf,1,51fc038fd5ddeade0c2c261e2b56508b287bab98.pdf,3,E|E|E,1.000000,1.000000,False,False,False,False,False,same_doc_answer_aware,predicted_answer,,0.135632,0.000000,3,0.000000,0.000000,,E,51fc038fd5ddeade0c2c261e2b56508b287bab98.pdf,1,1.0,1.0,1.0,1.0
62,domain_2,F,9d2df2f02cd5d57fe401497c3e64e47a3994112d.pdf,1,9d2df2f02cd5d57fe401497c3e64e47a3994112d.pdf,3,F|F|F,1.000000,1.000000,False,False,False,False,False,same_doc_answer_aware,predicted_answer,,0.101205,0.000000,5,0.000000,0.000000,,D,9d2df2f02cd5d57fe401497c3e64e47a3994112d.pdf,4,0.0,1.0,0.4,0.35
63,domain_2,E,aba537442395c1a4ca13d05e378a49a47865cc46.pdf,7,aba537442395c1a4ca13d05e378a49a47865cc46.pdf,3,E|E|E,1.000000,1.000000,False,False,False,False,False,same_doc_answer_aware,predicted_answer,,0.038466,0.000000,20,0.000000,0.000000,,C,60d1bee90467207fbbac980b346b932229542c73.pdf,3,0.0,0.0,0.0,0.0
64,domain_1,D,72e790ea927cb79b08838bcd0e290c83fd4f6e06.pdf,5,72e790ea927cb79b08838bcd0e290c83fd4f6e06.pdf,3,D|D|D,1.000000,1.000000,False,False,False,False,False,same_doc_answer_aware,predicted_answer,,0.106735,0.000000,89,0.000000,0.000000,,D,72e790ea927cb79b08838bcd0e290c83fd4f6e06.pdf,4,1.0,1.0,0.9887640449438202,0.997191011235955
65,domain_2,D,1caa31f28b0feabbe319d352bf58cb08adcc4dc8.pdf,7,1caa31f28b0feabbe319d352bf58cb08adcc4dc8.pdf,3,D|D|D,1.000000,1.000000,False,False,False,False,False,same_doc_answer_aware,predicted_answer,,0.034593,0.000000,15,0.000000,0.000000,,D,1caa31f28b0feabbe319d352bf58cb08adcc4dc8.pdf,7,1.0,1.0,1.0,1.0
66,domain_1,C,72e790ea927cb79b08838bcd0e290c83fd4f6e06.pdf,82,72e790ea927cb79b08838bcd0e290c83fd4f6e06.pdf,3,C|C|C,1.000000,1.000000,False,False,False,False,False,same_doc_answer_aware,predicted_answer,,0.118083,0.000000,89,0.000000,0.000000,,C,72e790ea927cb79b08838bcd0e290c83fd4f6e06.pdf,46,1.0,1.0,0.5955056179775281,0.898876404494382
67,domain_1,D,72e790ea927cb79b08838bcd0e290c83fd4f6e06.pdf,6,72e790ea927cb79b08838bcd0e290c83fd4f6e06.pdf,3,D|D|D,1.000000,1.000000,False,False,False,False,False,same_doc_answer_aware,predicted_answer,,0.066504,0.000000,89,0.000000,0.000000,,D,72e790ea927cb79b08838bcd0e290c83fd4f6e06.pdf,6,1.0,1.0,1.0,1.0
68,domain_2,C,5c75a2eb4814242f35871112bc657e36f813674b.pdf,1,5c75a2eb4814242f35871112bc657e36f813674b.pdf,3,C|C|C,1.000000,1.000000,False,False,False,False,False,same_doc_answer_aware,predicted_answer,,0.246435,0.000000,3,0.000000,0.000000,,D,5c75a2eb4814242f35871112bc657e36f813674b.pdf,1,0.0,1.0,1.0,0.5
69,domain_2,A,986dbec74e7ac870dfcf8b14337b301227c61238.pdf,1,986dbec74e7ac870dfcf8b14337b301227c61238.pdf,3,A|A|A,1.000000,1.000000,False,False,False,False,False,same_doc_answer_aware,predicted_answer,,0.166212,0.000000,2,0.000000,0.000000,,A,986dbec74e7ac870dfcf8b14337b301227c61238.pdf,1,1.0,1.0,1.0,1.0
70,domain_1,C,72e790ea927cb79b08838bcd0e290c83fd4f6e06.pdf,40,72e790ea927cb79b08838bcd0e290c83fd4f6e06.pdf,3,C|C|C,1.000000,1.000000,False,False,False,False,False,same_doc_answer_aware,predicted_answer,,0.143676,0.000000,89,0.000000,0.000000,,D,72e790ea927cb79b08838bcd0e290c83fd4f6e06.pdf,40,0.0,1.0,1.0,0.5
71,domain_1,B,ac85a12a4483579ba8f51197b5c8ace05f5397e0.pdf,11,ac85a12a4483579ba8f51197b5c8ace05f5397e0.pdf,3,B|B|B,1.000000,1.000000,False,False,False,False,False,same_doc_answer_aware,predicted_answer,,0.062809,0.000000,25,0.000000,0.000000,,B,ac85a12a4483579ba8f51197b5c8ace05f5397e0.pdf,12,1.0,1.0,0.96,0.99
72,domain_1,F,41b8a1637eea9e8acb06eef16b1c2479e37e759c.pdf,12,41b8a1637eea9e8acb06eef16b1c2479e37e759c.pdf,3,F|F|F,1.000000,1.000000,False,False,False,False,False,same_doc_answer_aware,predicted_answer,,0.019057,0.000000,76,0.000000,0.000000,,F,41b8a1637eea9e8acb06eef16b1c2479e37e759c.pdf,12,1.0,1.0,1.0,1.0
73,domain_2,D,828b7ab8d9ead3e6f25ce173cd6f03cce5c800c1.pdf,2,828b7ab8d9ead3e6f25ce173cd6f03cce5c800c1.pdf,3,D|D|D,1.000000,1.000000,False,False,False,False,False,same_doc_answer_aware,predicted_answer,,0.027031,0.000000,7,0.000000,0.000000,,E,828b7ab8d9ead3e6f25ce173cd6f03cce5c800c1.pdf,2,0.0,1.0,1.0,0.5
74,domain_1,C,759dfc8486c0f02391d7cfc1fed753b0608fc601.pdf,3,759dfc8486c0f02391d7cfc1fed753b0608fc601.pdf,3,C|C|C,1.000000,1.000000,False,False,False,False,False,same_doc_answer_aware,predicted_answer,,,,79,0.000000,0.000000,,C,759dfc8486c0f02391d7cfc1fed753b0608fc601.pdf,3,1.0,1.0,1.0,1.0
75,domain_1,B,b59848334218c38574465a72b75d6b4744bb985f.pdf,23,b59848334218c38574465a72b75d6b4744bb985f.pdf,3,B|B|B,1.000000,1.000000,False,False,False,False,False,same_doc_answer_aware,predicted_answer,,0.066127,0.000000,101,0.000000,0.000000,,B,b59848334218c38574465a72b75d6b4744bb985f.pdf,23,1.0,1.0,1.0,1.0
76,domain_2,A,60f2d879c17e5e6967e40c2315b8d46a987bda47.pdf,11,60f2d879c17e5e6967e40c2315b8d46a987bda47.pdf,3,A|A|A,1.000000,1.000000,False,False,False,False,False,same_doc_answer_aware,predicted_answer,,0.150613,0.000000,22,0.000000,0.000000,,A,60f2d879c17e5e6967e40c2315b8d46a987bda47.pdf,4,1.0,1.0,0.6818181818181819,0.9204545454545454
77,domain_2,D,d80178b24cc3a40d841ec790e575767afd0a3fd9.pdf,22,d80178b24cc3a40d841ec790e575767afd0a3fd9.pdf,3,D|D|D,1.000000,1.000000,False,False,False,False,False,same_doc_answer_aware,predicted_answer,,0.085678,0.000000,26,0.000000,0.000000,,D,d80178b24cc3a40d841ec790e575767afd0a3fd9.pdf,23,1.0,1.0,0.9615384615384616,0.9903846153846154
78,domain_2,B,67bfbcbe3cfd8f845785a8664b9b73b6b4751d72.pdf,3,67bfbcbe3cfd8f845785a8664b9b73b6b4751d72.pdf,3,B|B|B,1.000000,1.000000,False,False,False,False,False,same_doc_answer_aware,predicted_answer,,0.101733,0.000000,4,0.000000,0.000000,,B,67bfbcbe3cfd8f845785a8664b9b73b6b4751d72.pdf,3,1.0,1.0,1.0,1.0
79,domain_1,C,759dfc8486c0f02391d7cfc1fed753b0608fc601.pdf,67,759dfc8486c0f02391d7cfc1fed753b0608fc601.pdf,3,C|C|C,1.000000,1.000000,False,False,False,False,False,same_doc_answer_aware,predicted_answer,,0.150207,0.000000,79,0.000000,0.000000,,C,759dfc8486c0f02391d7cfc1fed753b0608fc601.pdf,66,1.0,1.0,0.9873417721518988,0.9968354430379747
80,domain_2,A,2827fbd42bc74ef48ac74ef40b90868b94b1da79.pdf,4,2827fbd42bc74ef48ac74ef40b90868b94b1da79.pdf,3,A|A|A,1.000000,1.000000,False,False,False,False,False,same_doc_answer_aware,predicted_answer,,0.077578,0.000000,7,0.000000,0.000000,,A,2827fbd42bc74ef48ac74ef40b90868b94b1da79.pdf,4,1.0,1.0,1.0,1.0
81,domain_2,E,5c75a2eb4814242f35871112bc657e36f813674b.pdf,1,5c75a2eb4814242f35871112bc657e36f813674b.pdf,3,E|E|E,1.000000,1.000000,False,False,False,False,False,same_doc_answer_aware,predicted_answer,,0.027688,0.000000,3,0.000000,0.000000,,E,5c75a2eb4814242f35871112bc657e36f813674b.pdf,3,1.0,1.0,0.33333333333333337,0.8333333333333334
82,domain_1,F,72e790ea927cb79b08838bcd0e290c83fd4f6e06.pdf,41,72e790ea927cb79b08838bcd0e290c83fd4f6e06.pdf,3,F|F|F,1.000000,1.000000,False,False,False,False,False,same_doc_answer_aware,predicted_answer,,0.062837,0.000000,89,0.000000,0.000000,,B,72e790ea927cb79b08838bcd0e290c83fd4f6e06.pdf,26,0.0,1.0,0.8314606741573034,0.45786516853932585
83,domain_2,E,f548cde5ba56c4e1d8aeca95c3e190f2711d6fa1.pdf,9,f548cde5ba56c4e1d8aeca95c3e190f2711d6fa1.pdf,3,E|E|E,1.000000,1.000000,False,False,False,False,False,same_doc_answer_aware,predicted_answer,,0.014521,0.000000,17,0.000000,0.000000,,E,7db5015ac19c3cd7bb04118b38a228b3572a358c.pdf,2,1.0,0.0,0.0,0.5
84,domain_2,D,4e779acee13fa6e0763fb33d1c83030b8e6ea33d.pdf,1,4e779acee13fa6e0763fb33d1c83030b8e6ea33d.pdf,3,D|D|D,1.000000,1.000000,False,False,False,False,False,same_doc_answer_aware,predicted_answer,,0.134124,0.000000,5,0.000000,0.000000,,D,4e779acee13fa6e0763fb33d1c83030b8e6ea33d.pdf,4,1.0,1.0,0.4,0.85
85,domain_2,A,780fd55597cd81f1cf0d1492926ab69cfb115d89.pdf,1,780fd55597cd81f1cf0d1492926ab69cfb115d89.pdf,3,A|A|A,1.000000,1.000000,False,False,False,False,False,same_doc_answer_aware,predicted_answer,,0.071355,0.000000,11,0.000000,0.000000,,A,780fd55597cd81f1cf0d1492926ab69cfb115d89.pdf,1,1.0,1.0,1.0,1.0
86,domain_1,C,759dfc8486c0f02391d7cfc1fed753b0608fc601.pdf,6,759dfc8486c0f02391d7cfc1fed753b0608fc601.pdf,3,C|C|C,1.000000,1.000000,False,False,False,False,False,same_doc_answer_aware,predicted_answer,,0.122984,0.000000,79,0.000000,0.000000,,C,759dfc8486c0f02391d7cfc1fed753b0608fc601.pdf,3,1.0,1.0,0.9620253164556962,0.990506329113924
87,domain_1,D,ac85a12a4483579ba8f51197b5c8ace05f5397e0.pdf,4,ac85a12a4483579ba8f51197b5c8ace05f5397e0.pdf,3,D|D|D,1.000000,1.000000,False,False,False,False,False,same_doc_answer_aware,predicted_answer,,0.063154,0.000000,25,0.000000,0.000000,,A,ac85a12a4483579ba8f51197b5c8ace05f5397e0.pdf,5,0.0,1.0,0.96,0.49
88,domain_2,D,fc5f5d668b03d9b606779484d465efcb4436a6be.pdf,1,fc5f5d668b03d9b606779484d465efcb4436a6be.pdf,3,D|D|D,1.000000,1.000000,False,False,False,False,False,same_doc_answer_aware,predicted_answer,,0.185947,0.000000,4,0.000000,0.000000,,D,fc5f5d668b03d9b606779484d465efcb4436a6be.pdf,1,1.0,1.0,1.0,1.0
89,domain_1,C,54a634188fe502d79e2653231c8ea286636142a0.pdf,163,54a634188fe502d79e2653231c8ea286636142a0.pdf,3,C|C|C,1.000000,1.000000,False,False,False,False,False,same_doc_answer_aware,predicted_answer,,,,173,0.000000,0.000000,,A,54a634188fe502d79e2653231c8ea286636142a0.pdf,76,0.0,1.0,0.49710982658959535,0.37427745664739887
90,domain_1,C,61990b93694d93444332fc6fa6a0f837ee312bdb.pdf,13,61990b93694d93444332fc6fa6a0f837ee312bdb.pdf,3,C|C|C,1.000000,1.000000,False,False,False,False,False,same_doc_answer_aware,predicted_answer,,0.042082,0.000000,27,0.000000,0.000000,,C,61990b93694d93444332fc6fa6a0f837ee312bdb.pdf,12,1.0,1.0,0.962962962962963,0.9907407407407407
91,domain_1,D,759dfc8486c0f02391d7cfc1fed753b0608fc601.pdf,3,759dfc8486c0f02391d7cfc1fed753b0608fc601.pdf,3,D|D|D,1.000000,1.000000,False,False,False,False,False,same_doc_answer_aware,predicted_answer,,,,79,0.000000,0.000000,,D,759dfc8486c0f02391d7cfc1fed753b0608fc601.pdf,3,1.0,1.0,1.0,1.0
92,domain_1,A,41b8a1637eea9e8acb06eef16b1c2479e37e759c.pdf,13,41b8a1637eea9e8acb06eef16b1c2479e37e759c.pdf,3,A|A|A,1.000000,1.000000,False,False,False,False,False,same_doc_answer_aware,predicted_answer,,,,76,0.000000,0.000000,,A,41b8a1637eea9e8acb06eef16b1c2479e37e759c.pdf,13,1.0,1.0,1.0,1.0
93,domain_1,E,0ec2a844ab5e5f66bfff7d66dbd5b33bca34cc94.pdf,23,0ec2a844ab5e5f66bfff7d66dbd5b33bca34cc94.pdf,3,E|E|E,1.000000,1.000000,False,False,False,False,False,same_doc_answer_aware,predicted_answer,,0.103388,0.000000,122,0.000000,0.000000,,E,0ec2a844ab5e5f66bfff7d66dbd5b33bca34cc94.pdf,23,1.0,1.0,1.0,1.0
94,domain_1,A,54a634188fe502d79e2653231c8ea286636142a0.pdf,18,54a634188fe502d79e2653231c8ea286636142a0.pdf,3,A|A|A,1.000000,1.000000,False,False,False,False,False,same_doc_answer_aware,predicted_answer,,0.041346,0.000000,173,0.000000,0.000000,,A,54a634188fe502d79e2653231c8ea286636142a0.pdf,18,1.0,1.0,1.0,1.0
95,domain_2,A,4e779acee13fa6e0763fb33d1c83030b8e6ea33d.pdf,3,4e779acee13fa6e0763fb33d1c83030b8e6ea33d.pdf,3,A|A|A,1.000000,1.000000,False,False,False,False,False,same_doc_answer_aware,predicted_answer,,0.009175,0.000000,5,0.000000,0.000000,,A,4e779acee13fa6e0763fb33d1c83030b8e6ea33d.pdf,2,1.0,1.0,0.8,0.95
96,domain_2,A,828b7ab8d9ead3e6f25ce173cd6f03cce5c800c1.pdf,6,828b7ab8d9ead3e6f25ce173cd6f03cce5c800c1.pdf,3,A|A|A,1.000000,1.000000,False,False,False,False,False,same_doc_answer_aware,predicted_answer,,0.008592,0.000000,7,0.000000,0.000000,,A,2827fbd42bc74ef48ac74ef40b90868b94b1da79.pdf,5,1.0,0.0,0.0,0.5
97,domain_1,E,31e80927922c1ffb86a2fcf32c073097d8f4ac72.pdf,12,31e80927922c1ffb86a2fcf32c073097d8f4ac72.pdf,3,E|E|E,1.000000,1.000000,False,False,False,False,False,same_doc_answer_aware,predicted_answer,,0.108499,0.000000,48,0.000000,0.000000,,E,31e80927922c1ffb86a2fcf32c073097d8f4ac72.pdf,13,1.0,1.0,0.9791666666666666,0.9947916666666666
98,domain_1,D,31e80927922c1ffb86a2fcf32c073097d8f4ac72.pdf,27,31e80927922c1ffb86a2fcf32c073097d8f4ac72.pdf,3,D|D|D,1.000000,1.000000,False,False,False,False,False,same_doc_answer_aware,predicted_answer,,0.122365,0.000000,48,0.000000,0.000000,,D,31e80927922c1ffb86a2fcf32c073097d8f4ac72.pdf,13,1.0,1.0,0.7083333333333333,0.9270833333333333
99,domain_2,B,f548cde5ba56c4e1d8aeca95c3e190f2711d6fa1.pdf,14,f548cde5ba56c4e1d8aeca95c3e190f2711d6fa1.pdf,3,B|B|B,1.000000,1.000000,False,False,False,False,False,same_doc_answer_aware,predicted_answer,,0.023394,0.000000,17,0.000000,0.000000,,B,7db5015ac19c3cd7bb04118b38a228b3572a358c.pdf,2,1.0,0.0,0.0,0.5
100,domain_2,E,20e086e7585d5e496d67ed2313ceb5aa53b409b5.pdf,2,20e086e7585d5e496d67ed2313ceb5aa53b409b5.pdf,3,E|E|E,1.000000,1.000000,False,False,False,False,False,same_doc_answer_aware,predicted_answer,,0.185342,0.000000,13,0.000000,0.000000,,E,20e086e7585d5e496d67ed2313ceb5aa53b409b5.pdf,2,1.0,1.0,1.0,1.0
101,domain_2,F,2ee44110e9b8b4b6f0e41ef9c8cc553be744551b.pdf,3,2ee44110e9b8b4b6f0e41ef9c8cc553be744551b.pdf,3,F|F|F,1.000000,1.000000,False,False,False,False,False,same_doc_answer_aware,predicted_answer,,0.008905,0.000000,6,0.000000,0.000000,,F,2ee44110e9b8b4b6f0e41ef9c8cc553be744551b.pdf,5,1.0,1.0,0.6666666666666667,0.9166666666666667
102,domain_1,C,ac85a12a4483579ba8f51197b5c8ace05f5397e0.pdf,2,ac85a12a4483579ba8f51197b5c8ace05f5397e0.pdf,3,C|C|C,1.000000,1.000000,False,False,False,False,False,same_doc_answer_aware,predicted_answer,,0.081284,0.000000,25,0.000000,0.000000,,C,ac85a12a4483579ba8f51197b5c8ace05f5397e0.pdf,16,1.0,1.0,0.43999999999999995,0.86
103,domain_2,E,20e086e7585d5e496d67ed2313ceb5aa53b409b5.pdf,8,20e086e7585d5e496d67ed2313ceb5aa53b409b5.pdf,3,E|E|E,1.000000,1.000000,False,False,False,False,False,same_doc_answer_aware,predicted_answer,,0.171605,0.000000,13,0.000000,0.000000,,E,20e086e7585d5e496d67ed2313ceb5aa53b409b5.pdf,8,1.0,1.0,1.0,1.0
104,domain_1,A,a066d97ba4ff355ede19dabfdf01860cfa04a6de.pdf,30,a066d97ba4ff355ede19dabfdf01860cfa04a6de.pdf,3,A|A|A,1.000000,1.000000,False,False,False,False,False,same_doc_answer_aware,predicted_answer,,0.032533,0.000000,66,0.000000,0.000000,,A,a066d97ba4ff355ede19dabfdf01860cfa04a6de.pdf,30,1.0,1.0,1.0,1.0
105,domain_1,B,61990b93694d93444332fc6fa6a0f837ee312bdb.pdf,20,61990b93694d93444332fc6fa6a0f837ee312bdb.pdf,3,B|B|B,1.000000,1.000000,False,False,False,False,False,same_doc_answer_aware,predicted_answer,,0.179579,0.000000,27,0.000000,0.000000,,D,61990b93694d93444332fc6fa6a0f837ee312bdb.pdf,20,0.0,1.0,1.0,0.5
106,domain_1,D,0ec2a844ab5e5f66bfff7d66dbd5b33bca34cc94.pdf,2,0ec2a844ab5e5f66bfff7d66dbd5b33bca34cc94.pdf,3,D|D|D,1.000000,1.000000,False,False,False,False,False,same_doc_answer_aware,predicted_answer,,0.156046,0.000000,122,0.000000,0.000000,,D,0ec2a844ab5e5f66bfff7d66dbd5b33bca34cc94.pdf,2,1.0,1.0,1.0,1.0
107,domain_2,A,60f2d879c17e5e6967e40c2315b8d46a987bda47.pdf,1,60f2d879c17e5e6967e40c2315b8d46a987bda47.pdf,3,A|A|A,1.000000,1.000000,False,False,False,False,False,same_doc_answer_aware,predicted_answer,,0.158130,0.000000,22,0.000000,0.000000,,A,60f2d879c17e5e6967e40c2315b8d46a987bda47.pdf,1,1.0,1.0,1.0,1.0
108,domain_1,E,41b8a1637eea9e8acb06eef16b1c2479e37e759c.pdf,15,41b8a1637eea9e8acb06eef16b1c2479e37e759c.pdf,3,E|E|E,1.000000,1.000000,False,False,False,False,False,same_doc_answer_aware,predicted_answer,,,,76,0.000000,0.000000,,E,41b8a1637eea9e8acb06eef16b1c2479e37e759c.pdf,15,1.0,1.0,1.0,1.0
109,domain_2,D,d80178b24cc3a40d841ec790e575767afd0a3fd9.pdf,2,d80178b24cc3a40d841ec790e575767afd0a3fd9.pdf,3,D|D|D,1.000000,1.000000,False,False,False,False,False,same_doc_answer_aware,predicted_answer,,0.076268,0.000000,26,0.000000,0.000000,,D,d80178b24cc3a40d841ec790e575767afd0a3fd9.pdf,1,1.0,1.0,0.9615384615384616,0.9903846153846154
110,domain_2,E,3828dec85bc546bd064190a023c7c802d6a8ab0a.pdf,1,3828dec85bc546bd064190a023c7c802d6a8ab0a.pdf,3,E|E|E,1.000000,1.000000,False,False,False,False,False,same_doc_answer_aware,predicted_answer,,0.119537,0.000000,6,0.000000,0.000000,,E,3828dec85bc546bd064190a023c7c802d6a8ab0a.pdf,1,1.0,1.0,1.0,1.0
111,domain_2,A,cc340c81af3efa6ad4f864b38c4b1c497562df63.pdf,3,cc340c81af3efa6ad4f864b38c4b1c497562df63.pdf,3,A|A|A,1.000000,1.000000,False,False,False,False,False,same_doc_answer_aware,predicted_answer,,0.096529,0.000000,9,0.000000,0.000000,,A,cc340c81af3efa6ad4f864b38c4b1c497562df63.pdf,3,1.0,1.0,1.0,1.0
112,domain_2,E,2ee44110e9b8b4b6f0e41ef9c8cc553be744551b.pdf,1,2ee44110e9b8b4b6f0e41ef9c8cc553be744551b.pdf,3,E|E|E,1.000000,1.000000,False,False,False,False,False,same_doc_answer_aware,predicted_answer,,0.163590,0.000000,6,0.000000,0.000000,,E,2ee44110e9b8b4b6f0e41ef9c8cc553be744551b.pdf,1,1.0,1.0,1.0,1.0
113,domain_2,A,fc5f5d668b03d9b606779484d465efcb4436a6be.pdf,3,fc5f5d668b03d9b606779484d465efcb4436a6be.pdf,3,A|A|A,1.000000,1.000000,False,False,False,False,False,same_doc_answer_aware,predicted_answer,,0.155902,0.000000,4,0.000000,0.000000,,A,fc5f5d668b03d9b606779484d465efcb4436a6be.pdf,2,1.0,1.0,0.75,0.9375
114,domain_2,F,cc340c81af3efa6ad4f864b38c4b1c497562df63.pdf,1,cc340c81af3efa6ad4f864b38c4b1c497562df63.pdf,3,F|F|F,1.000000,1.000000,False,False,False,False,False,same_doc_answer_aware,predicted_answer,,0.153887,0.000000,9,0.000000,0.000000,,F,cc340c81af3efa6ad4f864b38c4b1c497562df63.pdf,1,1.0,1.0,1.0,1.0
115,domain_2,F,60d1bee90467207fbbac980b346b932229542c73.pdf,7,60d1bee90467207fbbac980b346b932229542c73.pdf,3,F|F|F,1.000000,1.000000,False,False,False,False,False,same_doc_answer_aware,predicted_answer,,0.093291,0.000000,10,0.000000,0.000000,,F,60d1bee90467207fbbac980b346b932229542c73.pdf,7,1.0,1.0,1.0,1.0
116,domain_1,C,759dfc8486c0f02391d7cfc1fed753b0608fc601.pdf,52,759dfc8486c0f02391d7cfc1fed753b0608fc601.pdf,3,C|C|C,1.000000,1.000000,False,False,False,False,False,same_doc_answer_aware,predicted_answer,,,,79,0.000000,0.000000,,C,759dfc8486c0f02391d7cfc1fed753b0608fc601.pdf,15,1.0,1.0,0.5316455696202531,0.8829113924050633
117,domain_1,B,759dfc8486c0f02391d7cfc1fed753b0608fc601.pdf,66,759dfc8486c0f02391d7cfc1fed753b0608fc601.pdf,3,B|B|B,1.000000,1.000000,False,False,False,False,False,same_doc_answer_aware,predicted_answer,,0.054678,0.000000,79,0.000000,0.000000,,B,759dfc8486c0f02391d7cfc1fed753b0608fc601.pdf,56,1.0,1.0,0.8734177215189873,0.9683544303797469
118,domain_1,E,41b8a1637eea9e8acb06eef16b1c2479e37e759c.pdf,4,41b8a1637eea9e8acb06eef16b1c2479e37e759c.pdf,3,E|E|E,1.000000,1.000000,False,False,False,False,False,same_doc_answer_aware,predicted_answer,,,,76,0.000000,0.000000,,E,41b8a1637eea9e8acb06eef16b1c2479e37e759c.pdf,4,1.0,1.0,1.0,1.0
119,domain_2,B,67bfbcbe3cfd8f845785a8664b9b73b6b4751d72.pdf,3,67bfbcbe3cfd8f845785a8664b9b73b6b4751d72.pdf,3,B|B|B,1.000000,1.000000,False,False,False,False,False,same_doc_answer_aware,predicted_answer,,0.082876,0.000000,4,0.000000,0.000000,,B,67bfbcbe3cfd8f845785a8664b9b73b6b4751d72.pdf,3,1.0,1.0,1.0,1.0
120,domain_2,D,b0e35f26831baa753925da047ca36d318a100825.pdf,2,b0e35f26831baa753925da047ca36d318a100825.pdf,3,D|D|D,1.000000,1.000000,False,False,False,False,False,same_doc_answer_aware,predicted_answer,,0.070464,0.000000,4,0.000000,0.000000,,D,b0e35f26831baa753925da047ca36d318a100825.pdf,2,1.0,1.0,1.0,1.0
121,domain_2,D,5ae9814fac3ba1f5048ce716f15304d3ead03823.pdf,7,5ae9814fac3ba1f5048ce716f15304d3ead03823.pdf,3,D|D|D,1.000000,1.000000,False,False,False,False,False,same_doc_answer_aware,predicted_answer,,0.038537,0.000000,16,0.000000,0.000000,,D,d80178b24cc3a40d841ec790e575767afd0a3fd9.pdf,17,1.0,0.0,0.0,0.5
122,domain_1,F,a066d97ba4ff355ede19dabfdf01860cfa04a6de.pdf,2,a066d97ba4ff355ede19dabfdf01860cfa04a6de.pdf,3,F|F|F,1.000000,1.000000,False,False,False,False,False,same_doc_answer_aware,predicted_answer,,0.097385,0.000000,66,0.000000,0.000000,,F,a066d97ba4ff355ede19dabfdf01860cfa04a6de.pdf,2,1.0,1.0,1.0,1.0
123,domain_1,F,759dfc8486c0f02391d7cfc1fed753b0608fc601.pdf,66,759dfc8486c0f02391d7cfc1fed753b0608fc601.pdf,3,F|F|F,1.000000,1.000000,False,False,False,False,False,same_doc_answer_aware,predicted_answer,,,,79,0.000000,0.000000,,F,759dfc8486c0f02391d7cfc1fed753b0608fc601.pdf,9,1.0,1.0,0.2784810126582279,0.819620253164557
124,domain_1,C,759dfc8486c0f02391d7cfc1fed753b0608fc601.pdf,52,759dfc8486c0f02391d7cfc1fed753b0608fc601.pdf,3,C|C|C,1.000000,1.000000,False,False,False,False,False,same_doc_answer_aware,predicted_answer,,,,79,0.000000,0.000000,,C,759dfc8486c0f02391d7cfc1fed753b0608fc601.pdf,44,1.0,1.0,0.8987341772151899,0.9746835443037974
125,domain_2,F,d80178b24cc3a40d841ec790e575767afd0a3fd9.pdf,5,d80178b24cc3a40d841ec790e575767afd0a3fd9.pdf,3,F|F|F,1.000000,1.000000,False,False,False,False,False,same_doc_answer_aware,predicted_answer,,0.009708,0.000000,26,0.000000,0.000000,,F,5ae9814fac3ba1f5048ce716f15304d3ead03823.pdf,12,1.0,0.0,0.0,0.5
126,domain_2,D,60d1bee90467207fbbac980b346b932229542c73.pdf,7,60d1bee90467207fbbac980b346b932229542c73.pdf,3,D|D|D,1.000000,1.000000,False,False,False,False,False,same_doc_answer_aware,predicted_answer,,0.199200,0.000000,10,0.000000,0.000000,,D,60d1bee90467207fbbac980b346b932229542c73.pdf,7,1.0,1.0,1.0,1.0
127,domain_2,D,f8e8ea2b7e82798862bc3d7b2753f2262642d889.pdf,2,f8e8ea2b7e82798862bc3d7b2753f2262642d889.pdf,3,D|D|D,1.000000,1.000000,False,False,False,False,False,same_doc_answer_aware,predicted_answer,,0.047666,0.000000,5,0.000000,0.000000,,A,f8e8ea2b7e82798862bc3d7b2753f2262642d889.pdf,2,0.0,1.0,1.0,0.5
128,domain_1,A,b59848334218c38574465a72b75d6b4744bb985f.pdf,43,b59848334218c38574465a72b75d6b4744bb985f.pdf,3,A|A|A,1.000000,1.000000,False,False,False,False,False,same_doc_answer_aware,predicted_answer,,0.101157,0.000000,101,0.000000,0.000000,,A,b59848334218c38574465a72b75d6b4744bb985f.pdf,42,1.0,1.0,0.9900990099009901,0.9975247524752475
129,domain_2,C,114aa3c7890f255d1134a31a22a29caae427a6f1.pdf,7,114aa3c7890f255d1134a31a22a29caae427a6f1.pdf,3,C|C|C,1.000000,1.000000,False,False,False,False,False,same_doc_answer_aware,predicted_answer,,0.100088,0.000000,9,0.000000,0.000000,,C,114aa3c7890f255d1134a31a22a29caae427a6f1.pdf,7,1.0,1.0,1.0,1.0
130,domain_2,D,5c75a2eb4814242f35871112bc657e36f813674b.pdf,1,5c75a2eb4814242f35871112bc657e36f813674b.pdf,3,D|D|D,1.000000,1.000000,False,False,False,False,False,same_doc_answer_aware,predicted_answer,,0.094526,0.000000,3,0.000000,0.000000,,D,5c75a2eb4814242f35871112bc657e36f813674b.pdf,1,1.0,1.0,1.0,1.0
131,domain_1,F,54a634188fe502d79e2653231c8ea286636142a0.pdf,98,54a634188fe502d79e2653231c8ea286636142a0.pdf,3,F|F|F,1.000000,1.000000,False,False,False,False,False,same_doc_answer_aware,predicted_answer,,,,173,0.000000,0.000000,,F,54a634188fe502d79e2653231c8ea286636142a0.pdf,107,1.0,1.0,0.9479768786127167,0.9869942196531791
132,domain_1,C,b59848334218c38574465a72b75d6b4744bb985f.pdf,2,b59848334218c38574465a72b75d6b4744bb985f.pdf,3,C|C|C,1.000000,1.000000,False,False,False,False,False,same_doc_answer_aware,predicted_answer,,0.129088,0.000000,101,0.000000,0.000000,,C,b59848334218c38574465a72b75d6b4744bb985f.pdf,2,1.0,1.0,1.0,1.0
133,domain_2,F,67bfbcbe3cfd8f845785a8664b9b73b6b4751d72.pdf,3,67bfbcbe3cfd8f845785a8664b9b73b6b4751d72.pdf,3,F|F|F,1.000000,1.000000,False,False,False,False,False,same_doc_answer_aware,predicted_answer,,0.058148,0.000000,4,0.000000,0.000000,,F,67bfbcbe3cfd8f845785a8664b9b73b6b4751d72.pdf,3,1.0,1.0,1.0,1.0
134,domain_2,B,556be4e553eab6942598e58cfa02b6aaa553a0e5.pdf,2,556be4e553eab6942598e58cfa02b6aaa553a0e5.pdf,3,B|B|B,1.000000,1.000000,False,False,False,False,False,same_doc_answer_aware,predicted_answer,,0.131585,0.000000,3,0.000000,0.000000,,B,556be4e553eab6942598e58cfa02b6aaa553a0e5.pdf,1,1.0,1.0,0.6666666666666667,0.9166666666666667
135,domain_1,E,0ec2a844ab5e5f66bfff7d66dbd5b33bca34cc94.pdf,4,0ec2a844ab5e5f66bfff7d66dbd5b33bca34cc94.pdf,3,E|E|E,1.000000,1.000000,False,False,False,False,False,same_doc_answer_aware,predicted_answer,,0.140294,0.000000,122,0.000000,0.000000,,E,0ec2a844ab5e5f66bfff7d66dbd5b33bca34cc94.pdf,4,1.0,1.0,1.0,1.0
136,domain_1,F,a066d97ba4ff355ede19dabfdf01860cfa04a6de.pdf,30,a066d97ba4ff355ede19dabfdf01860cfa04a6de.pdf,3,F|F|F,1.000000,1.000000,False,False,False,False,False,same_doc_answer_aware,predicted_answer,,0.068338,0.000000,66,0.000000,0.000000,,F,a066d97ba4ff355ede19dabfdf01860cfa04a6de.pdf,5,1.0,1.0,0.6212121212121212,0.9053030303030303
137,domain_1,C,72e790ea927cb79b08838bcd0e290c83fd4f6e06.pdf,6,72e790ea927cb79b08838bcd0e290c83fd4f6e06.pdf,3,C|C|C,1.000000,1.000000,False,False,False,False,False,same_doc_answer_aware,predicted_answer,,0.102645,0.000000,89,0.000000,0.000000,,C,72e790ea927cb79b08838bcd0e290c83fd4f6e06.pdf,5,1.0,1.0,0.9887640449438202,0.997191011235955
138,domain_1,E,0ec2a844ab5e5f66bfff7d66dbd5b33bca34cc94.pdf,39,0ec2a844ab5e5f66bfff7d66dbd5b33bca34cc94.pdf,3,E|E|E,1.000000,1.000000,False,False,False,False,False,same_doc_answer_aware,predicted_answer,,,,122,0.000000,0.000000,,A,0ec2a844ab5e5f66bfff7d66dbd5b33bca34cc94.pdf,89,0.0,1.0,0.5901639344262295,0.3975409836065574
139,domain_2,D,cc340c81af3efa6ad4f864b38c4b1c497562df63.pdf,8,cc340c81af3efa6ad4f864b38c4b1c497562df63.pdf,3,D|D|D,1.000000,1.000000,False,False,False,False,False,same_doc_answer_aware,predicted_answer,,0.195610,0.000000,9,0.000000,0.000000,,D,cc340c81af3efa6ad4f864b38c4b1c497562df63.pdf,8,1.0,1.0,1.0,1.0
140,domain_1,F,0ec2a844ab5e5f66bfff7d66dbd5b33bca34cc94.pdf,10,0ec2a844ab5e5f66bfff7d66dbd5b33bca34cc94.pdf,3,F|F|F,1.000000,1.000000,False,False,False,False,False,same_doc_answer_aware,predicted_answer,,0.071098,0.000000,122,0.000000,0.000000,,E,0ec2a844ab5e5f66bfff7d66dbd5b33bca34cc94.pdf,12,0.0,1.0,0.9836065573770492,0.4959016393442623
141,domain_1,B,a066d97ba4ff355ede19dabfdf01860cfa04a6de.pdf,12,a066d97ba4ff355ede19dabfdf01860cfa04a6de.pdf,3,B|B|B,1.000000,1.000000,False,False,False,False,False,same_doc_answer_aware,predicted_answer,,0.015430,0.000000,66,0.000000,0.000000,,B,ac85a12a4483579ba8f51197b5c8ace05f5397e0.pdf,7,1.0,0.0,0.0,0.5
142,domain_1,E,54a634188fe502d79e2653231c8ea286636142a0.pdf,2,54a634188fe502d79e2653231c8ea286636142a0.pdf,3,E|E|E,1.000000,1.000000,False,False,False,False,False,same_doc_answer_aware,predicted_answer,,,,173,0.000000,0.000000,,E,54a634188fe502d79e2653231c8ea286636142a0.pdf,7,1.0,1.0,0.9710982658959537,0.9927745664739884
143,domain_2,D,d80178b24cc3a40d841ec790e575767afd0a3fd9.pdf,6,d80178b24cc3a40d841ec790e575767afd0a3fd9.pdf,3,D|D|D,1.000000,1.000000,False,False,False,False,False,same_doc_answer_aware,predicted_answer,,0.098054,0.000000,26,0.000000,0.000000,,A,d80178b24cc3a40d841ec790e575767afd0a3fd9.pdf,20,0.0,1.0,0.46153846153846156,0.3653846153846154
144,domain_1,B,31e80927922c1ffb86a2fcf32c073097d8f4ac72.pdf,1,31e80927922c1ffb86a2fcf32c073097d8f4ac72.pdf,3,B|B|B,1.000000,1.000000,False,False,False,False,False,same_doc_answer_aware,predicted_answer,,0.199014,0.000000,48,0.000000,0.000000,,B,31e80927922c1ffb86a2fcf32c073097d8f4ac72.pdf,2,1.0,1.0,0.9791666666666666,0.9947916666666666
145,domain_2,A,60d1bee90467207fbbac980b346b932229542c73.pdf,7,60d1bee90467207fbbac980b346b932229542c73.pdf,3,A|A|A,1.000000,1.000000,False,False,False,False,False,same_doc_answer_aware,predicted_answer,,0.160615,0.000000,10,0.000000,0.000000,,A,60d1bee90467207fbbac980b346b932229542c73.pdf,2,1.0,1.0,0.5,0.875
146,domain_1,E,31e80927922c1ffb86a2fcf32c073097d8f4ac72.pdf,9,31e80927922c1ffb86a2fcf32c073097d8f4ac72.pdf,3,E|E|E,1.000000,1.000000,False,False,False,False,False,same_doc_answer_aware,predicted_answer,,0.045500,0.000000,48,0.000000,0.000000,,E,31e80927922c1ffb86a2fcf32c073097d8f4ac72.pdf,5,1.0,1.0,0.9166666666666666,0.9791666666666666
147,domain_2,E,3828dec85bc546bd064190a023c7c802d6a8ab0a.pdf,1,3828dec85bc546bd064190a023c7c802d6a8ab0a.pdf,3,E|E|E,1.000000,1.000000,False,False,False,False,False,same_doc_answer_aware,predicted_answer,,0.132392,0.000000,6,0.000000,0.000000,,E,3828dec85bc546bd064190a023c7c802d6a8ab0a.pdf,1,1.0,1.0,1.0,1.0
148,domain_1,A,cadef3fc7594662353b7c94387b63a926b5d92d3.pdf,33,cadef3fc7594662353b7c94387b63a926b5d92d3.pdf,3,A|A|A,1.000000,1.000000,False,False,False,False,False,same_doc_answer_aware,predicted_answer,,0.079236,0.000000,59,0.000000,0.000000,,A,cadef3fc7594662353b7c94387b63a926b5d92d3.pdf,6,1.0,1.0,0.5423728813559322,0.885593220338983
149,domain_2,A,d80178b24cc3a40d841ec790e575767afd0a3fd9.pdf,16,d80178b24cc3a40d841ec790e575767afd0a3fd9.pdf,3,A|A|A,1.000000,1.000000,False,False,False,False,False,same_doc_answer_aware,predicted_answer,,0.077206,0.000000,26,0.000000,0.000000,,A,d80178b24cc3a40d841ec790e575767afd0a3fd9.pdf,22,1.0,1.0,0.7692307692307692,0.9423076923076923
150,domain_1,C,a066d97ba4ff355ede19dabfdf01860cfa04a6de.pdf,30,a066d97ba4ff355ede19dabfdf01860cfa04a6de.pdf,3,C|C|C,1.000000,1.000000,False,False,False,False,False,same_doc_answer_aware,predicted_answer,,0.071328,0.000000,66,0.000000,0.000000,,C,a066d97ba4ff355ede19dabfdf01860cfa04a6de.pdf,30,1.0,1.0,1.0,1.0
151,domain_2,A,a8bf09b126fb7c9072a5a54c3c0aaa5df7968ea4.pdf,2,a8bf09b126fb7c9072a5a54c3c0aaa5df7968ea4.pdf,3,A|A|A,1.000000,1.000000,False,False,False,False,False,same_doc_answer_aware,predicted_answer,,0.028708,0.000000,4,0.000000,0.000000,,A,a8bf09b126fb7c9072a5a54c3c0aaa5df7968ea4.pdf,2,1.0,1.0,1.0,1.0
152,domain_1,F,61990b93694d93444332fc6fa6a0f837ee312bdb.pdf,20,61990b93694d93444332fc6fa6a0f837ee312bdb.pdf,3,F|F|F,1.000000,1.000000,False,False,False,False,False,same_doc_answer_aware,predicted_answer,,0.178733,0.000000,27,0.000000,0.000000,,F,61990b93694d93444332fc6fa6a0f837ee312bdb.pdf,20,1.0,1.0,1.0,1.0
153,domain_2,E,3828dec85bc546bd064190a023c7c802d6a8ab0a.pdf,3,3828dec85bc546bd064190a023c7c802d6a8ab0a.pdf,3,E|E|E,1.000000,1.000000,False,False,False,False,False,same_doc_answer_aware,predicted_answer,,0.136860,0.000000,6,0.000000,0.000000,,E,3828dec85bc546bd064190a023c7c802d6a8ab0a.pdf,3,1.0,1.0,1.0,1.0
154,domain_2,D,828b7ab8d9ead3e6f25ce173cd6f03cce5c800c1.pdf,3,828b7ab8d9ead3e6f25ce173cd6f03cce5c800c1.pdf,3,D|D|D,1.000000,1.000000,False,False,False,False,False,same_doc_answer_aware,predicted_answer,,0.106851,0.000000,7,0.000000,0.000000,,D,828b7ab8d9ead3e6f25ce173cd6f03cce5c800c1.pdf,2,1.0,1.0,0.8571428571428572,0.9642857142857143
155,domain_2,C,b0e35f26831baa753925da047ca36d318a100825.pdf,2,b0e35f26831baa753925da047ca36d318a100825.pdf,3,C|C|C,1.000000,1.000000,False,False,False,False,False,same_doc_answer_aware,predicted_answer,,0.085187,0.000000,4,0.000000,0.000000,,C,b0e35f26831baa753925da047ca36d318a100825.pdf,1,1.0,1.0,0.75,0.9375
156,domain_1,D,72e790ea927cb79b08838bcd0e290c83fd4f6e06.pdf,5,72e790ea927cb79b08838bcd0e290c83fd4f6e06.pdf,3,D|D|D,1.000000,1.000000,False,False,False,False,False,same_doc_answer_aware,predicted_answer,,0.035114,0.000000,89,0.000000,0.000000,,D,72e790ea927cb79b08838bcd0e290c83fd4f6e06.pdf,5,1.0,1.0,1.0,1.0
157,domain_2,A,f8e8ea2b7e82798862bc3d7b2753f2262642d889.pdf,2,f8e8ea2b7e82798862bc3d7b2753f2262642d889.pdf,3,A|A|A,1.000000,1.000000,False,False,False,False,False,same_doc_answer_aware,predicted_answer,,0.119242,0.000000,5,0.000000,0.000000,,A,f8e8ea2b7e82798862bc3d7b2753f2262642d889.pdf,1,1.0,1.0,0.8,0.95
158,domain_2,E,60d1bee90467207fbbac980b346b932229542c73.pdf,6,60d1bee90467207fbbac980b346b932229542c73.pdf,3,E|E|E,1.000000,1.000000,False,False,False,False,False,same_doc_answer_aware,predicted_answer,,0.001195,0.000000,10,0.000000,0.000000,,E,f4539bc3a79016285524705e25fee5a8d523db3d.pdf,3,1.0,0.0,0.0,0.5
159,domain_1,B,b59848334218c38574465a72b75d6b4744bb985f.pdf,55,b59848334218c38574465a72b75d6b4744bb985f.pdf,3,B|B|B,1.000000,1.000000,False,False,False,False,False,same_doc_answer_aware,predicted_answer,,0.005019,0.000000,101,0.000000,0.000000,,B,ac85a12a4483579ba8f51197b5c8ace05f5397e0.pdf,13,1.0,0.0,0.0,0.5
160,domain_2,E,cc340c81af3efa6ad4f864b38c4b1c497562df63.pdf,3,cc340c81af3efa6ad4f864b38c4b1c497562df63.pdf,3,E|E|E,1.000000,1.000000,False,False,False,False,False,same_doc_answer_aware,predicted_answer,,0.155710,0.000000,9,0.000000,0.000000,,E,cc340c81af3efa6ad4f864b38c4b1c497562df63.pdf,2,1.0,1.0,0.8888888888888888,0.9722222222222222
161,domain_1,E,31e80927922c1ffb86a2fcf32c073097d8f4ac72.pdf,25,31e80927922c1ffb86a2fcf32c073097d8f4ac72.pdf,3,E|E|E,1.000000,1.000000,False,False,False,False,False,same_doc_answer_aware,predicted_answer,,,,48,0.000000,0.000000,,E,31e80927922c1ffb86a2fcf32c073097d8f4ac72.pdf,23,1.0,1.0,0.9583333333333334,0.9895833333333334
162,domain_1,B,a066d97ba4ff355ede19dabfdf01860cfa04a6de.pdf,39,a066d97ba4ff355ede19dabfdf01860cfa04a6de.pdf,3,B|B|B,1.000000,1.000000,False,False,False,False,False,same_doc_answer_aware,predicted_answer,,0.066742,0.000000,66,0.000000,0.000000,,B,a066d97ba4ff355ede19dabfdf01860cfa04a6de.pdf,39,1.0,1.0,1.0,1.0
163,domain_2,F,1caa31f28b0feabbe319d352bf58cb08adcc4dc8.pdf,1,1caa31f28b0feabbe319d352bf58cb08adcc4dc8.pdf,3,F|F|F,1.000000,1.000000,False,False,False,False,False,same_doc_answer_aware,predicted_answer,,0.213172,0.000000,15,0.000000,0.000000,,F,1caa31f28b0feabbe319d352bf58cb08adcc4dc8.pdf,1,1.0,1.0,1.0,1.0
164,domain_1,E,54a634188fe502d79e2653231c8ea286636142a0.pdf,2,54a634188fe502d79e2653231c8ea286636142a0.pdf,3,E|E|E,1.000000,1.000000,False,False,False,False,False,same_doc_answer_aware,predicted_answer,,0.141678,0.000000,173,0.000000,0.000000,,F,54a634188fe502d79e2653231c8ea286636142a0.pdf,2,0.0,1.0,1.0,0.5
165,domain_1,E,759dfc8486c0f02391d7cfc1fed753b0608fc601.pdf,1,759dfc8486c0f02391d7cfc1fed753b0608fc601.pdf,3,E|E|E,1.000000,1.000000,False,False,False,False,False,same_doc_answer_aware,predicted_answer,,0.115803,0.000000,79,0.000000,0.000000,,E,759dfc8486c0f02391d7cfc1fed753b0608fc601.pdf,2,1.0,1.0,0.9873417721518988,0.9968354430379747
166,domain_2,B,4e779acee13fa6e0763fb33d1c83030b8e6ea33d.pdf,1,4e779acee13fa6e0763fb33d1c83030b8e6ea33d.pdf,3,B|B|B,1.000000,1.000000,False,False,False,False,False,same_doc_answer_aware,predicted_answer,,0.092755,0.000000,5,0.000000,0.000000,,B,4e779acee13fa6e0763fb33d1c83030b8e6ea33d.pdf,1,1.0,1.0,1.0,1.0
167,domain_2,E,fc5f5d668b03d9b606779484d465efcb4436a6be.pdf,2,fc5f5d668b03d9b606779484d465efcb4436a6be.pdf,3,E|E|E,1.000000,1.000000,False,False,False,False,False,same_doc_answer_aware,predicted_answer,,0.134411,0.000000,4,0.000000,0.000000,,E,fc5f5d668b03d9b606779484d465efcb4436a6be.pdf,2,1.0,1.0,1.0,1.0
168,domain_2,C,51fc038fd5ddeade0c2c261e2b56508b287bab98.pdf,1,51fc038fd5ddeade0c2c261e2b56508b287bab98.pdf,3,C|C|C,1.000000,1.000000,False,False,False,False,False,same_doc_answer_aware,predicted_answer,,0.067171,0.000000,3,0.000000,0.000000,,C,51fc038fd5ddeade0c2c261e2b56508b287bab98.pdf,2,1.0,1.0,0.6666666666666667,0.9166666666666667
169,domain_1,C,61990b93694d93444332fc6fa6a0f837ee312bdb.pdf,19,61990b93694d93444332fc6fa6a0f837ee312bdb.pdf,3,C|C|C,1.000000,1.000000,False,False,False,False,False,same_doc_answer_aware,predicted_answer,,0.101335,0.000000,27,0.000000,0.000000,,C,61990b93694d93444332fc6fa6a0f837ee312bdb.pdf,19,1.0,1.0,1.0,1.0
170,domain_2,E,828b7ab8d9ead3e6f25ce173cd6f03cce5c800c1.pdf,4,828b7ab8d9ead3e6f25ce173cd6f03cce5c800c1.pdf,3,E|E|E,1.000000,1.000000,False,False,False,False,False,same_doc_answer_aware,predicted_answer,,0.124478,0.000000,7,0.000000,0.000000,,E,828b7ab8d9ead3e6f25ce173cd6f03cce5c800c1.pdf,3,1.0,1.0,0.8571428571428572,0.9642857142857143
171,domain_2,A,60d1bee90467207fbbac980b346b932229542c73.pdf,1,60d1bee90467207fbbac980b346b932229542c73.pdf,3,A|A|A,1.000000,1.000000,False,False,False,False,False,same_doc_answer_aware,predicted_answer,,0.000183,0.000000,10,0.000000,0.000000,,A,60d1bee90467207fbbac980b346b932229542c73.pdf,1,1.0,1.0,1.0,1.0
172,domain_1,C,54a634188fe502d79e2653231c8ea286636142a0.pdf,131,54a634188fe502d79e2653231c8ea286636142a0.pdf,3,C|C|C,1.000000,1.000000,False,False,False,False,False,same_doc_answer_aware,predicted_answer,,0.005160,0.000000,173,0.000000,0.000000,,C,54a634188fe502d79e2653231c8ea286636142a0.pdf,132,1.0,1.0,0.9942196531791907,0.9985549132947977
173,domain_1,D,61990b93694d93444332fc6fa6a0f837ee312bdb.pdf,23,61990b93694d93444332fc6fa6a0f837ee312bdb.pdf,3,D|D|D,1.000000,1.000000,False,False,False,False,False,same_doc_answer_aware,predicted_answer,,0.191524,0.000000,27,0.000000,0.000000,,D,61990b93694d93444332fc6fa6a0f837ee312bdb.pdf,8,1.0,1.0,0.4444444444444444,0.8611111111111112
174,domain_1,B,ac85a12a4483579ba8f51197b5c8ace05f5397e0.pdf,2,ac85a12a4483579ba8f51197b5c8ace05f5397e0.pdf,3,B|B|B,1.000000,1.000000,False,False,False,False,False,same_doc_answer_aware,predicted_answer,,0.115657,0.000000,25,0.000000,0.000000,,B,ac85a12a4483579ba8f51197b5c8ace05f5397e0.pdf,2,1.0,1.0,1.0,1.0
175,domain_2,F,b0e35f26831baa753925da047ca36d318a100825.pdf,3,b0e35f26831baa753925da047ca36d318a100825.pdf,3,F|F|F,1.000000,1.000000,False,False,False,False,False,same_doc_answer_aware,predicted_answer,,0.101238,0.000000,4,0.000000,0.000000,,F,b0e35f26831baa753925da047ca36d318a100825.pdf,3,1.0,1.0,1.0,1.0
176,domain_2,E,780fd55597cd81f1cf0d1492926ab69cfb115d89.pdf,9,780fd55597cd81f1cf0d1492926ab69cfb115d89.pdf,3,E|E|E,1.000000,1.000000,False,False,False,False,False,same_doc_answer_aware,predicted_answer,,0.038591,0.000000,11,0.000000,0.000000,,E,780fd55597cd81f1cf0d1492926ab69cfb115d89.pdf,8,1.0,1.0,0.9090909090909091,0.9772727272727273
177,domain_2,B,60f2d879c17e5e6967e40c2315b8d46a987bda47.pdf,4,60f2d879c17e5e6967e40c2315b8d46a987bda47.pdf,3,B|B|B,1.000000,1.000000,False,False,False,False,False,same_doc_answer_aware,predicted_answer,,0.110236,0.000000,22,0.000000,0.000000,,B,60f2d879c17e5e6967e40c2315b8d46a987bda47.pdf,6,1.0,1.0,0.9090909090909091,0.9772727272727273
178,domain_2,F,986dbec74e7ac870dfcf8b14337b301227c61238.pdf,1,986dbec74e7ac870dfcf8b14337b301227c61238.pdf,3,F|F|F,1.000000,1.000000,False,False,False,False,False,same_doc_answer_aware,predicted_answer,,0.183647,0.000000,2,0.000000,0.000000,,F,986dbec74e7ac870dfcf8b14337b301227c61238.pdf,1,1.0,1.0,1.0,1.0
179,domain_1,D,54a634188fe502d79e2653231c8ea286636142a0.pdf,35,54a634188fe502d79e2653231c8ea286636142a0.pdf,3,D|D|D,1.000000,1.000000,False,False,False,False,False,same_doc_answer_aware,predicted_answer,,0.135662,0.000000,173,0.000000,0.000000,,D,54a634188fe502d79e2653231c8ea286636142a0.pdf,35,1.0,1.0,1.0,1.0
180,domain_1,C,b59848334218c38574465a72b75d6b4744bb985f.pdf,15,b59848334218c38574465a72b75d6b4744bb985f.pdf,3,C|C|C,1.000000,1.000000,False,False,False,False,False,same_doc_answer_aware,predicted_answer,,0.047400,0.000000,101,0.000000,0.000000,,C,b59848334218c38574465a72b75d6b4744bb985f.pdf,15,1.0,1.0,1.0,1.0
181,domain_2,B,aba537442395c1a4ca13d05e378a49a47865cc46.pdf,6,aba537442395c1a4ca13d05e378a49a47865cc46.pdf,3,B|B|B,1.000000,1.000000,False,False,False,False,False,same_doc_answer_aware,predicted_answer,,0.084225,0.000000,20,0.000000,0.000000,,B,aba537442395c1a4ca13d05e378a49a47865cc46.pdf,6,1.0,1.0,1.0,1.0
182,domain_2,B,986dbec74e7ac870dfcf8b14337b301227c61238.pdf,1,986dbec74e7ac870dfcf8b14337b301227c61238.pdf,3,B|B|B,1.000000,1.000000,False,False,False,False,False,same_doc_answer_aware,predicted_answer,,0.170818,0.000000,2,0.000000,0.000000,,B,986dbec74e7ac870dfcf8b14337b301227c61238.pdf,1,1.0,1.0,1.0,1.0
183,domain_2,C,20e086e7585d5e496d67ed2313ceb5aa53b409b5.pdf,2,20e086e7585d5e496d67ed2313ceb5aa53b409b5.pdf,3,C|C|C,1.000000,1.000000,False,False,False,False,False,same_doc_answer_aware,predicted_answer,,0.169424,0.000000,13,0.000000,0.000000,,C,20e086e7585d5e496d67ed2313ceb5aa53b409b5.pdf,2,1.0,1.0,1.0,1.0
184,domain_2,C,aba537442395c1a4ca13d05e378a49a47865cc46.pdf,11,aba537442395c1a4ca13d05e378a49a47865cc46.pdf,3,C|C|C,1.000000,1.000000,False,False,False,False,False,same_doc_answer_aware,predicted_answer,,0.094043,0.000000,20,0.000000,0.000000,,C,aba537442395c1a4ca13d05e378a49a47865cc46.pdf,10,1.0,1.0,0.95,0.9875
185,domain_2,D,5c75a2eb4814242f35871112bc657e36f813674b.pdf,1,5c75a2eb4814242f35871112bc657e36f813674b.pdf,3,D|D|D,1.000000,1.000000,False,False,False,False,False,same_doc_answer_aware,predicted_answer,,0.029179,0.000000,3,0.000000,0.000000,,C,5c75a2eb4814242f35871112bc657e36f813674b.pdf,2,0.0,1.0,0.6666666666666667,0.4166666666666667
186,domain_2,F,4e779acee13fa6e0763fb33d1c83030b8e6ea33d.pdf,1,4e779acee13fa6e0763fb33d1c83030b8e6ea33d.pdf,3,F|F|F,1.000000,1.000000,False,False,False,False,False,same_doc_answer_aware,predicted_answer,,0.017961,0.000000,5,0.000000,0.000000,,F,4e779acee13fa6e0763fb33d1c83030b8e6ea33d.pdf,3,1.0,1.0,0.6,0.9
187,domain_1,C,cadef3fc7594662353b7c94387b63a926b5d92d3.pdf,3,cadef3fc7594662353b7c94387b63a926b5d92d3.pdf,3,C|C|C,1.000000,1.000000,False,False,False,False,False,same_doc_answer_aware,predicted_answer,,0.068260,0.000000,59,0.000000,0.000000,,C,cadef3fc7594662353b7c94387b63a926b5d92d3.pdf,5,1.0,1.0,0.9661016949152542,0.9915254237288136
188,domain_2,B,d80178b24cc3a40d841ec790e575767afd0a3fd9.pdf,1,d80178b24cc3a40d841ec790e575767afd0a3fd9.pdf,3,B|B|B,1.000000,1.000000,False,False,False,False,False,same_doc_answer_aware,predicted_answer,,0.165222,0.000000,26,0.000000,0.000000,,D,d80178b24cc3a40d841ec790e575767afd0a3fd9.pdf,1,0.0,1.0,1.0,0.5
189,domain_2,C,1026d4282a0fb8d22694301adc83729950c8498b.pdf,3,1026d4282a0fb8d22694301adc83729950c8498b.pdf,3,C|C|C,1.000000,1.000000,False,False,False,False,False,same_doc_answer_aware,predicted_answer,,0.088624,0.000000,6,0.000000,0.000000,,C,1026d4282a0fb8d22694301adc83729950c8498b.pdf,3,1.0,1.0,1.0,1.0
190,domain_1,E,0ec2a844ab5e5f66bfff7d66dbd5b33bca34cc94.pdf,10,0ec2a844ab5e5f66bfff7d66dbd5b33bca34cc94.pdf,3,E|E|E,1.000000,1.000000,False,False,False,False,False,same_doc_answer_aware,predicted_answer,,0.100116,0.000000,122,0.000000,0.000000,,E,0ec2a844ab5e5f66bfff7d66dbd5b33bca34cc94.pdf,10,1.0,1.0,1.0,1.0
191,domain_1,B,61990b93694d93444332fc6fa6a0f837ee312bdb.pdf,3,61990b93694d93444332fc6fa6a0f837ee312bdb.pdf,3,B|B|B,1.000000,1.000000,False,False,False,False,False,same_doc_answer_aware,predicted_answer,,0.138640,0.000000,27,0.000000,0.000000,,B,61990b93694d93444332fc6fa6a0f837ee312bdb.pdf,3,1.0,1.0,1.0,1.0
192,domain_1,D,54a634188fe502d79e2653231c8ea286636142a0.pdf,81,54a634188fe502d79e2653231c8ea286636142a0.pdf,3,D|D|D,1.000000,1.000000,False,False,False,False,False,same_doc_answer_aware,predicted_answer,,0.103999,0.000000,173,0.000000,0.000000,,D,54a634188fe502d79e2653231c8ea286636142a0.pdf,26,1.0,1.0,0.6820809248554913,0.9205202312138728
193,domain_2,C,2827fbd42bc74ef48ac74ef40b90868b94b1da79.pdf,4,2827fbd42bc74ef48ac74ef40b90868b94b1da79.pdf,3,C|C|C,1.000000,1.000000,False,False,False,False,False,same_doc_answer_aware,predicted_answer,,0.004266,0.000000,7,0.000000,0.000000,,C,2827fbd42bc74ef48ac74ef40b90868b94b1da79.pdf,3,1.0,1.0,0.8571428571428572,0.9642857142857143
194,domain_2,F,b0e35f26831baa753925da047ca36d318a100825.pdf,1,b0e35f26831baa753925da047ca36d318a100825.pdf,3,F|F|F,1.000000,1.000000,False,False,False,False,False,same_doc_answer_aware,predicted_answer,,0.135737,0.000000,4,0.000000,0.000000,,F,b0e35f26831baa753925da047ca36d318a100825.pdf,1,1.0,1.0,1.0,1.0
195,domain_2,B,556be4e553eab6942598e58cfa02b6aaa553a0e5.pdf,2,556be4e553eab6942598e58cfa02b6aaa553a0e5.pdf,3,B|B|B,1.000000,1.000000,False,False,False,False,False,same_doc_answer_aware,predicted_answer,,0.120606,0.000000,3,0.000000,0.000000,,B,556be4e553eab6942598e58cfa02b6aaa553a0e5.pdf,1,1.0,1.0,0.6666666666666667,0.9166666666666667
196,domain_2,F,60d1bee90467207fbbac980b346b932229542c73.pdf,7,60d1bee90467207fbbac980b346b932229542c73.pdf,3,F|F|F,1.000000,1.000000,False,False,False,False,False,same_doc_answer_aware,predicted_answer,,0.133480,0.000000,10,0.000000,0.000000,,C,60d1bee90467207fbbac980b346b932229542c73.pdf,2,0.0,1.0,0.5,0.375
197,domain_1,A,31e80927922c1ffb86a2fcf32c073097d8f4ac72.pdf,6,31e80927922c1ffb86a2fcf32c073097d8f4ac72.pdf,3,A|A|A,1.000000,1.000000,False,False,False,False,False,same_doc_answer_aware,predicted_answer,,0.089063,0.000000,48,0.000000,0.000000,,D,31e80927922c1ffb86a2fcf32c073097d8f4ac72.pdf,8,0.0,1.0,0.9583333333333334,0.48958333333333337
198,domain_1,C,41b8a1637eea9e8acb06eef16b1c2479e37e759c.pdf,36,41b8a1637eea9e8acb06eef16b1c2479e37e759c.pdf,3,C|C|C,1.000000,1.000000,False,False,False,False,False,same_doc_answer_aware,predicted_answer,,,,76,0.000000,0.000000,,C,41b8a1637eea9e8acb06eef16b1c2479e37e759c.pdf,36,1.0,1.0,1.0,1.0
199,domain_2,E,d80178b24cc3a40d841ec790e575767afd0a3fd9.pdf,5,d80178b24cc3a40d841ec790e575767afd0a3fd9.pdf,3,E|E|E,1.000000,1.000000,False,False,False,False,False,same_doc_answer_aware,predicted_answer,,0.029483,0.000000,26,0.000000,0.000000,,D,d80178b24cc3a40d841ec790e575767afd0a3fd9.pdf,3,0.0,1.0,0.9230769230769231,0.4807692307692308
200,domain_1,D,41b8a1637eea9e8acb06eef16b1c2479e37e759c.pdf,13,41b8a1637eea9e8acb06eef16b1c2479e37e759c.pdf,3,D|D|D,1.000000,1.000000,False,False,False,False,False,same_doc_answer_aware,predicted_answer,,,,76,0.000000,0.000000,,D,41b8a1637eea9e8acb06eef16b1c2479e37e759c.pdf,13,1.0,1.0,1.0,1.0
201,domain_1,F,a066d97ba4ff355ede19dabfdf01860cfa04a6de.pdf,34,a066d97ba4ff355ede19dabfdf01860cfa04a6de.pdf,3,F|F|F,1.000000,1.000000,False,False,False,False,False,same_doc_answer_aware,predicted_answer,,0.035783,0.000000,66,0.000000,0.000000,,F,a066d97ba4ff355ede19dabfdf01860cfa04a6de.pdf,34,1.0,1.0,1.0,1.0
202,domain_1,C,61990b93694d93444332fc6fa6a0f837ee312bdb.pdf,10,61990b93694d93444332fc6fa6a0f837ee312bdb.pdf,3,C|C|C,1.000000,1.000000,False,False,False,False,False,same_doc_answer_aware,predicted_answer,,0.012887,0.000000,27,0.000000,0.000000,,C,61990b93694d93444332fc6fa6a0f837ee312bdb.pdf,26,1.0,1.0,0.40740740740740744,0.8518518518518519
203,domain_2,A,986dbec74e7ac870dfcf8b14337b301227c61238.pdf,1,986dbec74e7ac870dfcf8b14337b301227c61238.pdf,3,A|A|A,1.000000,1.000000,False,False,False,False,False,same_doc_answer_aware,predicted_answer,,0.122279,0.000000,2,0.000000,0.000000,,A,986dbec74e7ac870dfcf8b14337b301227c61238.pdf,1,1.0,1.0,1.0,1.0
204,domain_1,F,41b8a1637eea9e8acb06eef16b1c2479e37e759c.pdf,11,41b8a1637eea9e8acb06eef16b1c2479e37e759c.pdf,3,F|F|F,1.000000,1.000000,False,False,False,False,False,same_doc_answer_aware,predicted_answer,,,,76,0.000000,0.000000,,F,41b8a1637eea9e8acb06eef16b1c2479e37e759c.pdf,9,1.0,1.0,0.9736842105263158,0.993421052631579
205,domain_1,D,61990b93694d93444332fc6fa6a0f837ee312bdb.pdf,2,61990b93694d93444332fc6fa6a0f837ee312bdb.pdf,3,D|D|D,1.000000,1.000000,False,False,False,False,False,same_doc_answer_aware,predicted_answer,,0.188794,0.000000,27,0.000000,0.000000,,D,61990b93694d93444332fc6fa6a0f837ee312bdb.pdf,2,1.0,1.0,1.0,1.0
206,domain_2,B,b0e35f26831baa753925da047ca36d318a100825.pdf,3,b0e35f26831baa753925da047ca36d318a100825.pdf,3,B|B|B,1.000000,1.000000,False,False,False,False,False,same_doc_answer_aware,predicted_answer,,0.062731,0.000000,4,0.000000,0.000000,,B,b0e35f26831baa753925da047ca36d318a100825.pdf,3,1.0,1.0,1.0,1.0
207,domain_1,A,54a634188fe502d79e2653231c8ea286636142a0.pdf,18,54a634188fe502d79e2653231c8ea286636142a0.pdf,3,A|A|A,1.000000,1.000000,False,False,False,False,False,same_doc_answer_aware,predicted_answer,,0.095617,0.000000,173,0.000000,0.000000,,A,54a634188fe502d79e2653231c8ea286636142a0.pdf,90,1.0,1.0,0.5838150289017341,0.8959537572254335
208,domain_1,E,cadef3fc7594662353b7c94387b63a926b5d92d3.pdf,15,cadef3fc7594662353b7c94387b63a926b5d92d3.pdf,3,E|E|E,1.000000,1.000000,False,False,False,False,False,same_doc_answer_aware,predicted_answer,,0.051608,0.000000,59,0.000000,0.000000,,E,cadef3fc7594662353b7c94387b63a926b5d92d3.pdf,11,1.0,1.0,0.9322033898305084,0.9830508474576272
209,domain_1,E,ac85a12a4483579ba8f51197b5c8ace05f5397e0.pdf,4,ac85a12a4483579ba8f51197b5c8ace05f5397e0.pdf,3,E|E|E,1.000000,1.000000,False,False,False,False,False,same_doc_answer_aware,predicted_answer,,0.059036,0.000000,25,0.000000,0.000000,,A,ac85a12a4483579ba8f51197b5c8ace05f5397e0.pdf,5,0.0,1.0,0.96,0.49
210,domain_1,B,41b8a1637eea9e8acb06eef16b1c2479e37e759c.pdf,52,41b8a1637eea9e8acb06eef16b1c2479e37e759c.pdf,3,B|B|B,1.000000,1.000000,False,False,False,False,False,same_doc_answer_aware,predicted_answer,,0.070580,0.000000,76,0.000000,0.000000,,B,41b8a1637eea9e8acb06eef16b1c2479e37e759c.pdf,52,1.0,1.0,1.0,1.0
211,domain_1,F,759dfc8486c0f02391d7cfc1fed753b0608fc601.pdf,56,759dfc8486c0f02391d7cfc1fed753b0608fc601.pdf,3,F|F|F,1.000000,1.000000,False,False,False,False,False,same_doc_answer_aware,predicted_answer,,0.018999,0.000000,79,0.000000,0.000000,,F,759dfc8486c0f02391d7cfc1fed753b0608fc601.pdf,7,1.0,1.0,0.379746835443038,0.8449367088607596
212,domain_1,F,31e80927922c1ffb86a2fcf32c073097d8f4ac72.pdf,12,31e80927922c1ffb86a2fcf32c073097d8f4ac72.pdf,3,F|F|F,1.000000,1.000000,False,False,False,False,False,same_doc_answer_aware,predicted_answer,,0.159020,0.000000,48,0.000000,0.000000,,F,31e80927922c1ffb86a2fcf32c073097d8f4ac72.pdf,2,1.0,1.0,0.7916666666666666,0.9479166666666666
213,domain_2,D,d80178b24cc3a40d841ec790e575767afd0a3fd9.pdf,16,d80178b24cc3a40d841ec790e575767afd0a3fd9.pdf,3,D|D|D,1.000000,1.000000,False,False,False,False,False,same_doc_answer_aware,predicted_answer,,0.012452,0.000000,26,0.000000,0.000000,,B,d80178b24cc3a40d841ec790e575767afd0a3fd9.pdf,7,0.0,1.0,0.6538461538461539,0.41346153846153844
214,domain_2,F,d80178b24cc3a40d841ec790e575767afd0a3fd9.pdf,1,d80178b24cc3a40d841ec790e575767afd0a3fd9.pdf,3,F|F|F,1.000000,1.000000,False,False,False,False,False,same_doc_answer_aware,predicted_answer,,0.099843,0.000000,26,0.000000,0.000000,,F,d80178b24cc3a40d841ec790e575767afd0a3fd9.pdf,1,1.0,1.0,1.0,1.0
215,domain_1,E,0ec2a844ab5e5f66bfff7d66dbd5b33bca34cc94.pdf,9,0ec2a844ab5e5f66bfff7d66dbd5b33bca34cc94.pdf,3,E|E|E,1.000000,1.000000,False,False,False,False,False,same_doc_answer_aware,predicted_answer,,0.037706,0.000000,122,0.000000,0.000000,,B,0ec2a844ab5e5f66bfff7d66dbd5b33bca34cc94.pdf,8,0.0,1.0,0.9918032786885246,0.4979508196721312
216,domain_2,A,4e779acee13fa6e0763fb33d1c83030b8e6ea33d.pdf,1,4e779acee13fa6e0763fb33d1c83030b8e6ea33d.pdf,3,A|A|A,1.000000,1.000000,False,False,False,False,False,same_doc_answer_aware,predicted_answer,,0.120647,0.000000,5,0.000000,0.000000,,A,4e779acee13fa6e0763fb33d1c83030b8e6ea33d.pdf,1,1.0,1.0,1.0,1.0
217,domain_2,B,f548cde5ba56c4e1d8aeca95c3e190f2711d6fa1.pdf,9,f548cde5ba56c4e1d8aeca95c3e190f2711d6fa1.pdf,3,B|B|B,1.000000,1.000000,False,False,False,False,False,same_doc_answer_aware,predicted_answer,,0.061596,0.000000,17,0.000000,0.000000,,B,7db5015ac19c3cd7bb04118b38a228b3572a358c.pdf,2,1.0,0.0,0.0,0.5
218,domain_2,B,986dbec74e7ac870dfcf8b14337b301227c61238.pdf,1,986dbec74e7ac870dfcf8b14337b301227c61238.pdf,3,B|B|B,1.000000,1.000000,False,False,False,False,False,same_doc_answer_aware,predicted_answer,,0.060246,0.000000,2,0.000000,0.000000,,B,986dbec74e7ac870dfcf8b14337b301227c61238.pdf,1,1.0,1.0,1.0,1.0
219,domain_1,D,cadef3fc7594662353b7c94387b63a926b5d92d3.pdf,1,cadef3fc7594662353b7c94387b63a926b5d92d3.pdf,3,D|D|D,1.000000,1.000000,False,False,False,False,False,same_doc_answer_aware,predicted_answer,,,,59,0.000000,0.000000,,F,cadef3fc7594662353b7c94387b63a926b5d92d3.pdf,1,0.0,1.0,1.0,0.5
220,domain_2,C,51fc038fd5ddeade0c2c261e2b56508b287bab98.pdf,1,51fc038fd5ddeade0c2c261e2b56508b287bab98.pdf,3,C|C|C,1.000000,1.000000,False,False,False,False,False,same_doc_answer_aware,predicted_answer,,0.134637,0.000000,3,0.000000,0.000000,,C,51fc038fd5ddeade0c2c261e2b56508b287bab98.pdf,1,1.0,1.0,1.0,1.0
221,domain_2,F,fc5f5d668b03d9b606779484d465efcb4436a6be.pdf,3,fc5f5d668b03d9b606779484d465efcb4436a6be.pdf,3,F|F|F,1.000000,1.000000,False,False,False,False,False,same_doc_answer_aware,predicted_answer,,0.164665,0.000000,4,0.000000,0.000000,,F,fc5f5d668b03d9b606779484d465efcb4436a6be.pdf,3,1.0,1.0,1.0,1.0
222,domain_1,E,0ec2a844ab5e5f66bfff7d66dbd5b33bca34cc94.pdf,28,0ec2a844ab5e5f66bfff7d66dbd5b33bca34cc94.pdf,3,E|E|E,1.000000,1.000000,False,False,False,False,False,same_doc_answer_aware,predicted_answer,,0.095790,0.000000,122,0.000000,0.000000,,E,0ec2a844ab5e5f66bfff7d66dbd5b33bca34cc94.pdf,4,1.0,1.0,0.8032786885245902,0.9508196721311475
223,domain_2,E,60f2d879c17e5e6967e40c2315b8d46a987bda47.pdf,17,60f2d879c17e5e6967e40c2315b8d46a987bda47.pdf,3,E|E|E,1.000000,1.000000,False,False,False,False,False,same_doc_answer_aware,predicted_answer,,0.010162,0.000000,22,0.000000,0.000000,,E,2ee44110e9b8b4b6f0e41ef9c8cc553be744551b.pdf,2,1.0,0.0,0.0,0.5
224,domain_2,C,556be4e553eab6942598e58cfa02b6aaa553a0e5.pdf,2,556be4e553eab6942598e58cfa02b6aaa553a0e5.pdf,3,C|C|C,1.000000,1.000000,False,False,False,False,False,same_doc_answer_aware,predicted_answer,,0.015210,0.000000,3,0.000000,0.000000,,C,556be4e553eab6942598e58cfa02b6aaa553a0e5.pdf,2,1.0,1.0,1.0,1.0
225,domain_2,D,f8e8ea2b7e82798862bc3d7b2753f2262642d889.pdf,2,f8e8ea2b7e82798862bc3d7b2753f2262642d889.pdf,3,D|D|D,1.000000,1.000000,False,False,False,False,False,same_doc_answer_aware,predicted_answer,,0.019650,0.000000,5,0.000000,0.000000,,D,f8e8ea2b7e82798862bc3d7b2753f2262642d889.pdf,2,1.0,1.0,1.0,1.0
226,domain_2,E,4e779acee13fa6e0763fb33d1c83030b8e6ea33d.pdf,3,4e779acee13fa6e0763fb33d1c83030b8e6ea33d.pdf,3,E|E|E,1.000000,1.000000,False,False,False,False,False,same_doc_answer_aware,predicted_answer,,0.009901,0.000000,5,0.000000,0.000000,,B,4e779acee13fa6e0763fb33d1c83030b8e6ea33d.pdf,2,0.0,1.0,0.8,0.45
227,domain_1,B,72e790ea927cb79b08838bcd0e290c83fd4f6e06.pdf,22,72e790ea927cb79b08838bcd0e290c83fd4f6e06.pdf,3,B|B|B,1.000000,1.000000,False,False,False,False,False,same_doc_answer_aware,predicted_answer,,0.090193,0.000000,89,0.000000,0.000000,,B,72e790ea927cb79b08838bcd0e290c83fd4f6e06.pdf,21,1.0,1.0,0.9887640449438202,0.997191011235955
228,domain_2,E,3828dec85bc546bd064190a023c7c802d6a8ab0a.pdf,1,3828dec85bc546bd064190a023c7c802d6a8ab0a.pdf,3,E|E|E,1.000000,1.000000,False,False,False,False,False,same_doc_answer_aware,predicted_answer,,0.159845,0.000000,6,0.000000,0.000000,,E,3828dec85bc546bd064190a023c7c802d6a8ab0a.pdf,1,1.0,1.0,1.0,1.0
229,domain_1,E,31e80927922c1ffb86a2fcf32c073097d8f4ac72.pdf,2,31e80927922c1ffb86a2fcf32c073097d8f4ac72.pdf,3,E|E|E,1.000000,1.000000,False,False,False,False,False,same_doc_answer_aware,predicted_answer,,,,48,0.000000,0.000000,,E,31e80927922c1ffb86a2fcf32c073097d8f4ac72.pdf,2,1.0,1.0,1.0,1.0
230,domain_2,E,a8bf09b126fb7c9072a5a54c3c0aaa5df7968ea4.pdf,1,a8bf09b126fb7c9072a5a54c3c0aaa5df7968ea4.pdf,3,E|E|E,1.000000,1.000000,False,False,False,False,False,same_doc_answer_aware,predicted_answer,,0.163529,0.000000,4,0.000000,0.000000,,E,a8bf09b126fb7c9072a5a54c3c0aaa5df7968ea4.pdf,1,1.0,1.0,1.0,1.0
231,domain_2,A,2827fbd42bc74ef48ac74ef40b90868b94b1da79.pdf,1,2827fbd42bc74ef48ac74ef40b90868b94b1da79.pdf,3,A|A|A,1.000000,1.000000,False,False,False,False,False,same_doc_answer_aware,predicted_answer,,0.041511,0.000000,7,0.000000,0.000000,,A,2827fbd42bc74ef48ac74ef40b90868b94b1da79.pdf,1,1.0,1.0,1.0,1.0
232,domain_1,A,0ec2a844ab5e5f66bfff7d66dbd5b33bca34cc94.pdf,28,0ec2a844ab5e5f66bfff7d66dbd5b33bca34cc94.pdf,3,A|A|A,1.000000,1.000000,False,False,False,False,False,same_doc_answer_aware,predicted_answer,,0.106035,0.000000,122,0.000000,0.000000,,A,0ec2a844ab5e5f66bfff7d66dbd5b33bca34cc94.pdf,4,1.0,1.0,0.8032786885245902,0.9508196721311475
233,domain_1,F,759dfc8486c0f02391d7cfc1fed753b0608fc601.pdf,56,759dfc8486c0f02391d7cfc1fed753b0608fc601.pdf,3,F|F|F,1.000000,1.000000,False,False,False,False,False,same_doc_answer_aware,predicted_answer,,0.080784,0.000000,79,0.000000,0.000000,,F,759dfc8486c0f02391d7cfc1fed753b0608fc601.pdf,56,1.0,1.0,1.0,1.0
234,domain_1,E,61990b93694d93444332fc6fa6a0f837ee312bdb.pdf,14,61990b93694d93444332fc6fa6a0f837ee312bdb.pdf,3,E|E|E,1.000000,1.000000,False,False,False,False,False,same_doc_answer_aware,predicted_answer,,0.049343,0.000000,27,0.000000,0.000000,,E,61990b93694d93444332fc6fa6a0f837ee312bdb.pdf,14,1.0,1.0,1.0,1.0
235,domain_2,F,a8bf09b126fb7c9072a5a54c3c0aaa5df7968ea4.pdf,1,a8bf09b126fb7c9072a5a54c3c0aaa5df7968ea4.pdf,3,F|F|F,1.000000,1.000000,False,False,False,False,False,same_doc_answer_aware,predicted_answer,,0.163398,0.000000,4,0.000000,0.000000,,F,a8bf09b126fb7c9072a5a54c3c0aaa5df7968ea4.pdf,1,1.0,1.0,1.0,1.0
236,domain_1,C,41b8a1637eea9e8acb06eef16b1c2479e37e759c.pdf,6,41b8a1637eea9e8acb06eef16b1c2479e37e759c.pdf,3,C|C|C,1.000000,1.000000,False,False,False,False,False,same_doc_answer_aware,predicted_answer,,0.203521,0.000000,76,0.000000,0.000000,,C,41b8a1637eea9e8acb06eef16b1c2479e37e759c.pdf,6,1.0,1.0,1.0,1.0
237,domain_2,D,2ee44110e9b8b4b6f0e41ef9c8cc553be744551b.pdf,1,2ee44110e9b8b4b6f0e41ef9c8cc553be744551b.pdf,3,D|D|D,1.000000,1.000000,False,False,False,False,False,same_doc_answer_aware,predicted_answer,,0.010333,0.000000,6,0.000000,0.000000,,C,2ee44110e9b8b4b6f0e41ef9c8cc553be744551b.pdf,2,0.0,1.0,0.8333333333333334,0.45833333333333337
238,domain_2,E,f548cde5ba56c4e1d8aeca95c3e190f2711d6fa1.pdf,16,f548cde5ba56c4e1d8aeca95c3e190f2711d6fa1.pdf,3,E|E|E,1.000000,1.000000,False,False,False,False,False,same_doc_answer_aware,predicted_answer,,0.156695,0.000000,17,0.000000,0.000000,,E,f548cde5ba56c4e1d8aeca95c3e190f2711d6fa1.pdf,1,1.0,1.0,0.11764705882352944,0.7794117647058824
239,domain_1,F,31e80927922c1ffb86a2fcf32c073097d8f4ac72.pdf,6,31e80927922c1ffb86a2fcf32c073097d8f4ac72.pdf,3,F|F|F,1.000000,1.000000,False,False,False,False,False,same_doc_answer_aware,predicted_answer,,,,48,0.000000,0.000000,,F,31e80927922c1ffb86a2fcf32c073097d8f4ac72.pdf,4,1.0,1.0,0.9583333333333334,0.9895833333333334
240,domain_1,A,759dfc8486c0f02391d7cfc1fed753b0608fc601.pdf,71,759dfc8486c0f02391d7cfc1fed753b0608fc601.pdf,3,A|A|A,1.000000,1.000000,False,False,False,False,False,same_doc_answer_aware,predicted_answer,,0.015056,0.000000,79,0.000000,0.000000,,E,ac85a12a4483579ba8f51197b5c8ace05f5397e0.pdf,12,0.0,0.0,0.0,0.0
241,domain_1,B,41b8a1637eea9e8acb06eef16b1c2479e37e759c.pdf,12,41b8a1637eea9e8acb06eef16b1c2479e37e759c.pdf,3,B|B|B,1.000000,1.000000,False,False,False,False,False,same_doc_answer_aware,predicted_answer,,0.094814,0.000000,76,0.000000,0.000000,,B,41b8a1637eea9e8acb06eef16b1c2479e37e759c.pdf,12,1.0,1.0,1.0,1.0
242,domain_1,A,b59848334218c38574465a72b75d6b4744bb985f.pdf,41,b59848334218c38574465a72b75d6b4744bb985f.pdf,3,A|A|A,1.000000,1.000000,False,False,False,False,False,same_doc_answer_aware,predicted_answer,,0.141283,0.000000,101,0.000000,0.000000,,A,b59848334218c38574465a72b75d6b4744bb985f.pdf,41,1.0,1.0,1.0,1.0
243,domain_2,B,3828dec85bc546bd064190a023c7c802d6a8ab0a.pdf,5,3828dec85bc546bd064190a023c7c802d6a8ab0a.pdf,3,B|B|B,1.000000,1.000000,False,False,False,False,False,same_doc_answer_aware,predicted_answer,,0.114297,0.000000,6,0.000000,0.000000,,B,3828dec85bc546bd064190a023c7c802d6a8ab0a.pdf,5,1.0,1.0,1.0,1.0
244,domain_2,F,2ee44110e9b8b4b6f0e41ef9c8cc553be744551b.pdf,1,2ee44110e9b8b4b6f0e41ef9c8cc553be744551b.pdf,3,F|F|F,1.000000,1.000000,False,False,False,False,False,same_doc_answer_aware,predicted_answer,,0.032055,0.000000,6,0.000000,0.000000,,F,2ee44110e9b8b4b6f0e41ef9c8cc553be744551b.pdf,4,1.0,1.0,0.5,0.875
245,domain_2,C,986dbec74e7ac870dfcf8b14337b301227c61238.pdf,1,986dbec74e7ac870dfcf8b14337b301227c61238.pdf,3,C|C|C,1.000000,1.000000,False,False,False,False,False,same_doc_answer_aware,predicted_answer,,0.120896,0.000000,2,0.000000,0.000000,,C,986dbec74e7ac870dfcf8b14337b301227c61238.pdf,1,1.0,1.0,1.0,1.0
246,domain_1,A,41b8a1637eea9e8acb06eef16b1c2479e37e759c.pdf,1,41b8a1637eea9e8acb06eef16b1c2479e37e759c.pdf,3,A|A|A,1.000000,1.000000,False,False,False,False,False,same_doc_answer_aware,predicted_answer,,,,76,0.000000,0.000000,,A,41b8a1637eea9e8acb06eef16b1c2479e37e759c.pdf,2,1.0,1.0,0.9868421052631579,0.9967105263157895
247,domain_2,A,20e086e7585d5e496d67ed2313ceb5aa53b409b5.pdf,11,20e086e7585d5e496d67ed2313ceb5aa53b409b5.pdf,3,A|A|A,1.000000,1.000000,False,False,False,False,False,same_doc_answer_aware,predicted_answer,,0.149648,0.000000,13,0.000000,0.000000,,A,20e086e7585d5e496d67ed2313ceb5aa53b409b5.pdf,11,1.0,1.0,1.0,1.0
248,domain_2,B,fc5f5d668b03d9b606779484d465efcb4436a6be.pdf,1,fc5f5d668b03d9b606779484d465efcb4436a6be.pdf,3,B|B|B,1.000000,1.000000,False,False,False,False,False,same_doc_answer_aware,predicted_answer,,0.194331,0.000000,4,0.000000,0.000000,,B,fc5f5d668b03d9b606779484d465efcb4436a6be.pdf,1,1.0,1.0,1.0,1.0
249,domain_1,D,a066d97ba4ff355ede19dabfdf01860cfa04a6de.pdf,12,a066d97ba4ff355ede19dabfdf01860cfa04a6de.pdf,3,D|D|D,1.000000,1.000000,False,False,False,False,False,same_doc_answer_aware,predicted_answer,,0.023960,0.000000,66,0.000000,0.000000,,D,0ec2a844ab5e5f66bfff7d66dbd5b33bca34cc94.pdf,9,1.0,0.0,0.0,0.5
250,domain_2,E,5c75a2eb4814242f35871112bc657e36f813674b.pdf,1,5c75a2eb4814242f35871112bc657e36f813674b.pdf,3,E|E|E,1.000000,1.000000,False,False,False,False,False,same_doc_answer_aware,predicted_answer,,0.132544,0.000000,3,0.000000,0.000000,,E,5c75a2eb4814242f35871112bc657e36f813674b.pdf,1,1.0,1.0,1.0,1.0
251,domain_2,D,1caa31f28b0feabbe319d352bf58cb08adcc4dc8.pdf,4,1caa31f28b0feabbe319d352bf58cb08adcc4dc8.pdf,3,D|D|D,1.000000,1.000000,False,False,False,False,False,same_doc_answer_aware,predicted_answer,,0.072509,0.000000,15,0.000000,0.000000,,D,1caa31f28b0feabbe319d352bf58cb08adcc4dc8.pdf,5,1.0,1.0,0.9333333333333333,0.9833333333333334
252,domain_1,F,b59848334218c38574465a72b75d6b4744bb985f.pdf,43,b59848334218c38574465a72b75d6b4744bb985f.pdf,3,F|F|F,1.000000,1.000000,False,False,False,False,False,same_doc_answer_aware,predicted_answer,,0.139215,0.000000,101,0.000000,0.000000,,F,b59848334218c38574465a72b75d6b4744bb985f.pdf,43,1.0,1.0,1.0,1.0
253,domain_2,F,fb285f08989b559f0080c9dd096d3557860f919d.pdf,1,fb285f08989b559f0080c9dd096d3557860f919d.pdf,3,F|F|F,1.000000,1.000000,False,False,False,False,False,same_doc_answer_aware,predicted_answer,,0.078309,0.000000,3,0.000000,0.000000,,F,fb285f08989b559f0080c9dd096d3557860f919d.pdf,2,1.0,1.0,0.6666666666666667,0.9166666666666667
254,domain_1,A,cadef3fc7594662353b7c94387b63a926b5d92d3.pdf,32,cadef3fc7594662353b7c94387b63a926b5d92d3.pdf,3,A|A|A,1.000000,1.000000,False,False,False,False,False,same_doc_answer_aware,predicted_answer,,0.091685,0.000000,59,0.000000,0.000000,,A,cadef3fc7594662353b7c94387b63a926b5d92d3.pdf,4,1.0,1.0,0.5254237288135593,0.8813559322033898
255,domain_1,B,cadef3fc7594662353b7c94387b63a926b5d92d3.pdf,27,cadef3fc7594662353b7c94387b63a926b5d92d3.pdf,3,B|B|B,1.000000,1.000000,False,False,False,False,False,same_doc_answer_aware,predicted_answer,,0.103347,0.000000,59,0.000000,0.000000,,B,cadef3fc7594662353b7c94387b63a926b5d92d3.pdf,28,1.0,1.0,0.9830508474576272,0.9957627118644068
256,domain_2,E,780fd55597cd81f1cf0d1492926ab69cfb115d89.pdf,1,780fd55597cd81f1cf0d1492926ab69cfb115d89.pdf,3,E|E|E,1.000000,1.000000,False,False,False,False,False,same_doc_answer_aware,predicted_answer,,0.123486,0.000000,11,0.000000,0.000000,,E,780fd55597cd81f1cf0d1492926ab69cfb115d89.pdf,1,1.0,1.0,1.0,1.0
257,domain_1,B,31e80927922c1ffb86a2fcf32c073097d8f4ac72.pdf,35,31e80927922c1ffb86a2fcf32c073097d8f4ac72.pdf,3,B|B|B,1.000000,1.000000,False,False,False,False,False,same_doc_answer_aware,predicted_answer,,0.125953,0.000000,48,0.000000,0.000000,,B,31e80927922c1ffb86a2fcf32c073097d8f4ac72.pdf,25,1.0,1.0,0.7916666666666666,0.9479166666666666
258,domain_1,A,54a634188fe502d79e2653231c8ea286636142a0.pdf,81,54a634188fe502d79e2653231c8ea286636142a0.pdf,3,A|A|A,1.000000,1.000000,False,False,False,False,False,same_doc_answer_aware,predicted_answer,,0.057997,0.000000,173,0.000000,0.000000,,B,54a634188fe502d79e2653231c8ea286636142a0.pdf,75,0.0,1.0,0.9653179190751445,0.49132947976878616
259,domain_1,E,61990b93694d93444332fc6fa6a0f837ee312bdb.pdf,9,61990b93694d93444332fc6fa6a0f837ee312bdb.pdf,3,E|E|E,1.000000,1.000000,False,False,False,False,False,same_doc_answer_aware,predicted_answer,,0.060315,0.000000,27,0.000000,0.000000,,D,61990b93694d93444332fc6fa6a0f837ee312bdb.pdf,9,0.0,1.0,1.0,0.5
260,domain_1,A,b59848334218c38574465a72b75d6b4744bb985f.pdf,23,b59848334218c38574465a72b75d6b4744bb985f.pdf,3,A|A|A,1.000000,1.000000,False,False,False,False,False,same_doc_answer_aware,predicted_answer,,0.069426,0.000000,101,0.000000,0.000000,,A,b59848334218c38574465a72b75d6b4744bb985f.pdf,23,1.0,1.0,1.0,1.0
261,domain_1,D,41b8a1637eea9e8acb06eef16b1c2479e37e759c.pdf,2,41b8a1637eea9e8acb06eef16b1c2479e37e759c.pdf,3,D|D|D,1.000000,1.000000,False,False,False,False,False,same_doc_answer_aware,predicted_answer,,,,76,0.000000,0.000000,,D,41b8a1637eea9e8acb06eef16b1c2479e37e759c.pdf,2,1.0,1.0,1.0,1.0
262,domain_1,D,61990b93694d93444332fc6fa6a0f837ee312bdb.pdf,16,61990b93694d93444332fc6fa6a0f837ee312bdb.pdf,3,D|D|D,1.000000,1.000000,False,False,False,False,False,same_doc_answer_aware,predicted_answer,,0.073868,0.000000,27,0.000000,0.000000,,F,61990b93694d93444332fc6fa6a0f837ee312bdb.pdf,16,0.0,1.0,1.0,0.5
263,domain_1,B,61990b93694d93444332fc6fa6a0f837ee312bdb.pdf,2,61990b93694d93444332fc6fa6a0f837ee312bdb.pdf,3,B|B|B,1.000000,1.000000,False,False,False,False,False,same_doc_answer_aware,predicted_answer,,0.023144,0.000000,27,0.000000,0.000000,,B,61990b93694d93444332fc6fa6a0f837ee312bdb.pdf,5,1.0,1.0,0.8888888888888888,0.9722222222222222
264,domain_1,F,31e80927922c1ffb86a2fcf32c073097d8f4ac72.pdf,5,31e80927922c1ffb86a2fcf32c073097d8f4ac72.pdf,3,F|F|F,1.000000,1.000000,False,False,False,False,False,same_doc_answer_aware,predicted_answer,,,,48,0.000000,0.000000,,F,31e80927922c1ffb86a2fcf32c073097d8f4ac72.pdf,3,1.0,1.0,0.9583333333333334,0.9895833333333334
265,domain_2,B,780fd55597cd81f1cf0d1492926ab69cfb115d89.pdf,1,780fd55597cd81f1cf0d1492926ab69cfb115d89.pdf,3,B|B|B,1.000000,1.000000,False,False,False,False,False,same_doc_answer_aware,predicted_answer,,0.073833,0.000000,11,0.000000,0.000000,,B,780fd55597cd81f1cf0d1492926ab69cfb115d89.pdf,5,1.0,1.0,0.6363636363636364,0.9090909090909091
266,domain_2,D,1caa31f28b0feabbe319d352bf58cb08adcc4dc8.pdf,4,1caa31f28b0feabbe319d352bf58cb08adcc4dc8.pdf,3,D|D|D,1.000000,1.000000,False,False,False,False,False,same_doc_answer_aware,predicted_answer,,0.162630,0.000000,15,0.000000,0.000000,,A,1caa31f28b0feabbe319d352bf58cb08adcc4dc8.pdf,4,0.0,1.0,1.0,0.5
267,domain_2,B,828b7ab8d9ead3e6f25ce173cd6f03cce5c800c1.pdf,4,828b7ab8d9ead3e6f25ce173cd6f03cce5c800c1.pdf,3,B|B|B,1.000000,1.000000,False,False,False,False,False,same_doc_answer_aware,predicted_answer,,0.074645,0.000000,7,0.000000,0.000000,,B,828b7ab8d9ead3e6f25ce173cd6f03cce5c800c1.pdf,2,1.0,1.0,0.7142857142857143,0.9285714285714286
268,domain_2,A,114aa3c7890f255d1134a31a22a29caae427a6f1.pdf,3,114aa3c7890f255d1134a31a22a29caae427a6f1.pdf,3,A|A|A,1.000000,1.000000,False,False,False,False,False,same_doc_answer_aware,predicted_answer,,0.010148,0.000000,9,0.000000,0.000000,,E,556be4e553eab6942598e58cfa02b6aaa553a0e5.pdf,3,0.0,0.0,0.0,0.0
269,domain_2,C,f548cde5ba56c4e1d8aeca95c3e190f2711d6fa1.pdf,3,f548cde5ba56c4e1d8aeca95c3e190f2711d6fa1.pdf,3,C|C|C,1.000000,1.000000,False,False,False,False,False,same_doc_answer_aware,predicted_answer,,0.154076,0.000000,17,0.000000,0.000000,,C,f548cde5ba56c4e1d8aeca95c3e190f2711d6fa1.pdf,3,1.0,1.0,1.0,1.0
270,domain_1,C,cadef3fc7594662353b7c94387b63a926b5d92d3.pdf,2,cadef3fc7594662353b7c94387b63a926b5d92d3.pdf,3,C|C|C,1.000000,1.000000,False,False,False,False,False,same_doc_answer_aware,predicted_answer,,0.069989,0.000000,59,0.000000,0.000000,,C,cadef3fc7594662353b7c94387b63a926b5d92d3.pdf,1,1.0,1.0,0.9830508474576272,0.9957627118644068
271,domain_2,E,7db5015ac19c3cd7bb04118b38a228b3572a358c.pdf,1,7db5015ac19c3cd7bb04118b38a228b3572a358c.pdf,3,E|E|E,1.000000,1.000000,False,False,False,False,False,same_doc_answer_aware,predicted_answer,,0.020558,0.000000,3,0.000000,0.000000,,E,7db5015ac19c3cd7bb04118b38a228b3572a358c.pdf,1,1.0,1.0,1.0,1.0
272,domain_2,C,114aa3c7890f255d1134a31a22a29caae427a6f1.pdf,7,114aa3c7890f255d1134a31a22a29caae427a6f1.pdf,3,C|C|C,1.000000,1.000000,False,False,False,False,False,same_doc_answer_aware,predicted_answer,,0.012634,0.000000,9,0.000000,0.000000,,D,5c75a2eb4814242f35871112bc657e36f813674b.pdf,2,0.0,0.0,0.0,0.0
273,domain_2,D,2827fbd42bc74ef48ac74ef40b90868b94b1da79.pdf,2,2827fbd42bc74ef48ac74ef40b90868b94b1da79.pdf,3,D|D|D,1.000000,1.000000,False,False,False,False,False,same_doc_answer_aware,predicted_answer,,0.024249,0.000000,7,0.000000,0.000000,,D,2827fbd42bc74ef48ac74ef40b90868b94b1da79.pdf,2,1.0,1.0,1.0,1.0
274,domain_2,D,fc5f5d668b03d9b606779484d465efcb4436a6be.pdf,3,fc5f5d668b03d9b606779484d465efcb4436a6be.pdf,3,D|D|D,1.000000,1.000000,False,False,False,False,False,same_doc_answer_aware,predicted_answer,,0.042031,0.000000,4,0.000000,0.000000,,A,fc5f5d668b03d9b606779484d465efcb4436a6be.pdf,3,0.0,1.0,1.0,0.5
275,domain_2,B,986dbec74e7ac870dfcf8b14337b301227c61238.pdf,2,986dbec74e7ac870dfcf8b14337b301227c61238.pdf,3,B|B|B,1.000000,1.000000,False,False,False,False,False,same_doc_answer_aware,predicted_answer,,0.062833,0.000000,2,0.000000,0.000000,,B,986dbec74e7ac870dfcf8b14337b301227c61238.pdf,1,1.0,1.0,0.5,0.875
276,domain_1,A,31e80927922c1ffb86a2fcf32c073097d8f4ac72.pdf,6,31e80927922c1ffb86a2fcf32c073097d8f4ac72.pdf,3,A|A|A,1.000000,1.000000,False,False,False,False,False,same_doc_answer_aware,predicted_answer,,0.166142,0.000000,48,0.000000,0.000000,,A,31e80927922c1ffb86a2fcf32c073097d8f4ac72.pdf,4,1.0,1.0,0.9583333333333334,0.9895833333333334
277,domain_1,F,a066d97ba4ff355ede19dabfdf01860cfa04a6de.pdf,38,a066d97ba4ff355ede19dabfdf01860cfa04a6de.pdf,3,F|F|F,1.000000,1.000000,False,False,False,False,False,same_doc_answer_aware,predicted_answer,,0.143578,0.000000,66,0.000000,0.000000,,F,a066d97ba4ff355ede19dabfdf01860cfa04a6de.pdf,39,1.0,1.0,0.9848484848484849,0.9962121212121212
278,domain_2,E,556be4e553eab6942598e58cfa02b6aaa553a0e5.pdf,1,556be4e553eab6942598e58cfa02b6aaa553a0e5.pdf,3,E|E|E,1.000000,1.000000,False,False,False,False,False,same_doc_answer_aware,predicted_answer,,0.179700,0.000000,3,0.000000,0.000000,,E,556be4e553eab6942598e58cfa02b6aaa553a0e5.pdf,1,1.0,1.0,1.0,1.0
279,domain_1,D,b59848334218c38574465a72b75d6b4744bb985f.pdf,41,b59848334218c38574465a72b75d6b4744bb985f.pdf,3,D|D|D,1.000000,1.000000,False,False,False,False,False,same_doc_answer_aware,predicted_answer,,0.073843,0.000000,101,0.000000,0.000000,,D,b59848334218c38574465a72b75d6b4744bb985f.pdf,47,1.0,1.0,0.9405940594059405,0.9851485148514851
280,domain_2,D,1026d4282a0fb8d22694301adc83729950c8498b.pdf,3,1026d4282a0fb8d22694301adc83729950c8498b.pdf,3,D|D|D,1.000000,1.000000,False,False,False,False,False,same_doc_answer_aware,predicted_answer,,0.130204,0.000000,6,0.000000,0.000000,,D,1026d4282a0fb8d22694301adc83729950c8498b.pdf,3,1.0,1.0,1.0,1.0
281,domain_2,C,51fc038fd5ddeade0c2c261e2b56508b287bab98.pdf,1,51fc038fd5ddeade0c2c261e2b56508b287bab98.pdf,3,C|C|C,1.000000,1.000000,False,False,False,False,False,same_doc_answer_aware,predicted_answer,,0.157068,0.000000,3,0.000000,0.000000,,C,51fc038fd5ddeade0c2c261e2b56508b287bab98.pdf,2,1.0,1.0,0.6666666666666667,0.9166666666666667
282,domain_1,D,a066d97ba4ff355ede19dabfdf01860cfa04a6de.pdf,4,a066d97ba4ff355ede19dabfdf01860cfa04a6de.pdf,3,D|D|D,1.000000,1.000000,False,False,False,False,False,same_doc_answer_aware,predicted_answer,,0.137952,0.000000,66,0.000000,0.000000,,D,a066d97ba4ff355ede19dabfdf01860cfa04a6de.pdf,4,1.0,1.0,1.0,1.0
283,domain_2,A,f548cde5ba56c4e1d8aeca95c3e190f2711d6fa1.pdf,14,f548cde5ba56c4e1d8aeca95c3e190f2711d6fa1.pdf,3,A|A|A,1.000000,1.000000,False,False,False,False,False,same_doc_answer_aware,predicted_answer,,0.037067,0.000000,17,0.000000,0.000000,,B,7db5015ac19c3cd7bb04118b38a228b3572a358c.pdf,2,0.0,0.0,0.0,0.0
284,domain_2,F,986dbec74e7ac870dfcf8b14337b301227c61238.pdf,1,986dbec74e7ac870dfcf8b14337b301227c61238.pdf,3,F|F|F,1.000000,1.000000,False,False,False,False,False,same_doc_answer_aware,predicted_answer,,0.162507,0.000000,2,0.000000,0.000000,,F,986dbec74e7ac870dfcf8b14337b301227c61238.pdf,1,1.0,1.0,1.0,1.0
285,domain_2,A,5ae9814fac3ba1f5048ce716f15304d3ead03823.pdf,1,5ae9814fac3ba1f5048ce716f15304d3ead03823.pdf,3,A|A|A,1.000000,1.000000,False,False,False,False,False,same_doc_answer_aware,predicted_answer,,0.120960,0.000000,16,0.000000,0.000000,,A,5ae9814fac3ba1f5048ce716f15304d3ead03823.pdf,1,1.0,1.0,1.0,1.0
286,domain_2,F,a8bf09b126fb7c9072a5a54c3c0aaa5df7968ea4.pdf,1,a8bf09b126fb7c9072a5a54c3c0aaa5df7968ea4.pdf,3,F|F|F,1.000000,1.000000,False,False,False,False,False,same_doc_answer_aware,predicted_answer,,0.123761,0.000000,4,0.000000,0.000000,,F,a8bf09b126fb7c9072a5a54c3c0aaa5df7968ea4.pdf,1,1.0,1.0,1.0,1.0
287,domain_2,B,556be4e553eab6942598e58cfa02b6aaa553a0e5.pdf,2,556be4e553eab6942598e58cfa02b6aaa553a0e5.pdf,3,B|B|B,1.000000,1.000000,False,False,False,False,False,same_doc_answer_aware,predicted_answer,,0.124038,0.000000,3,0.000000,0.000000,,B,556be4e553eab6942598e58cfa02b6aaa553a0e5.pdf,2,1.0,1.0,1.0,1.0
288,domain_2,A,b0e35f26831baa753925da047ca36d318a100825.pdf,1,b0e35f26831baa753925da047ca36d318a100825.pdf,3,A|A|A,1.000000,1.000000,False,False,False,False,False,same_doc_answer_aware,predicted_answer,,0.134367,0.000000,4,0.000000,0.000000,,D,b0e35f26831baa753925da047ca36d318a100825.pdf,4,0.0,1.0,0.25,0.3125
289,domain_1,F,72e790ea927cb79b08838bcd0e290c83fd4f6e06.pdf,5,72e790ea927cb79b08838bcd0e290c83fd4f6e06.pdf,3,F|F|F,1.000000,1.000000,False,False,False,False,False,same_doc_answer_aware,predicted_answer,,0.113049,0.000000,89,0.000000,0.000000,,F,72e790ea927cb79b08838bcd0e290c83fd4f6e06.pdf,4,1.0,1.0,0.9887640449438202,0.997191011235955
290,domain_2,A,d80178b24cc3a40d841ec790e575767afd0a3fd9.pdf,10,d80178b24cc3a40d841ec790e575767afd0a3fd9.pdf,3,A|A|A,1.000000,1.000000,False,False,False,False,False,same_doc_answer_aware,predicted_answer,,0.021420,0.000000,26,0.000000,0.000000,,A,2ee44110e9b8b4b6f0e41ef9c8cc553be744551b.pdf,5,1.0,0.0,0.0,0.5
291,domain_1,F,0ec2a844ab5e5f66bfff7d66dbd5b33bca34cc94.pdf,21,0ec2a844ab5e5f66bfff7d66dbd5b33bca34cc94.pdf,3,F|F|F,1.000000,1.000000,False,False,False,False,False,same_doc_answer_aware,predicted_answer,,0.004276,0.000000,122,0.000000,0.000000,,F,cadef3fc7594662353b7c94387b63a926b5d92d3.pdf,26,1.0,0.0,0.0,0.5
292,domain_2,A,1026d4282a0fb8d22694301adc83729950c8498b.pdf,2,1026d4282a0fb8d22694301adc83729950c8498b.pdf,3,A|A|A,1.000000,1.000000,False,False,False,False,False,same_doc_answer_aware,predicted_answer,,0.095238,0.000000,6,0.000000,0.000000,,A,1026d4282a0fb8d22694301adc83729950c8498b.pdf,5,1.0,1.0,0.5,0.875
293,domain_1,E,a066d97ba4ff355ede19dabfdf01860cfa04a6de.pdf,7,a066d97ba4ff355ede19dabfdf01860cfa04a6de.pdf,3,E|E|E,1.000000,1.000000,False,False,False,False,False,same_doc_answer_aware,predicted_answer,,0.084586,0.000000,66,0.000000,0.000000,,E,a066d97ba4ff355ede19dabfdf01860cfa04a6de.pdf,6,1.0,1.0,0.9848484848484849,0.9962121212121212
294,domain_2,E,1caa31f28b0feabbe319d352bf58cb08adcc4dc8.pdf,7,1caa31f28b0feabbe319d352bf58cb08adcc4dc8.pdf,3,E|E|E,1.000000,1.000000,False,False,False,False,False,same_doc_answer_aware,predicted_answer,,0.086321,0.000000,15,0.000000,0.000000,,E,1caa31f28b0feabbe319d352bf58cb08adcc4dc8.pdf,6,1.0,1.0,0.9333333333333333,0.9833333333333334
295,domain_2,D,2ee44110e9b8b4b6f0e41ef9c8cc553be744551b.pdf,1,2ee44110e9b8b4b6f0e41ef9c8cc553be744551b.pdf,3,D|D|D,1.000000,1.000000,False,False,False,False,False,same_doc_answer_aware,predicted_answer,,0.066323,0.000000,6,0.000000,0.000000,,D,2ee44110e9b8b4b6f0e41ef9c8cc553be744551b.pdf,1,1.0,1.0,1.0,1.0
296,domain_1,E,31e80927922c1ffb86a2fcf32c073097d8f4ac72.pdf,6,31e80927922c1ffb86a2fcf32c073097d8f4ac72.pdf,3,E|E|E,1.000000,1.000000,False,False,False,False,False,same_doc_answer_aware,predicted_answer,,0.066863,0.000000,48,0.000000,0.000000,,E,31e80927922c1ffb86a2fcf32c073097d8f4ac72.pdf,16,1.0,1.0,0.7916666666666666,0.9479166666666666
297,domain_2,B,60d1bee90467207fbbac980b346b932229542c73.pdf,8,60d1bee90467207fbbac980b346b932229542c73.pdf,3,B|B|B,1.000000,1.000000,False,False,False,False,False,same_doc_answer_aware,predicted_answer,,0.009409,0.000000,10,0.000000,0.000000,,B,aba537442395c1a4ca13d05e378a49a47865cc46.pdf,13,1.0,0.0,0.0,0.5
298,domain_1,F,0ec2a844ab5e5f66bfff7d66dbd5b33bca34cc94.pdf,101,0ec2a844ab5e5f66bfff7d66dbd5b33bca34cc94.pdf,3,F|F|F,1.000000,1.000000,False,False,False,False,False,same_doc_answer_aware,predicted_answer,,,,122,0.000000,0.000000,,F,0ec2a844ab5e5f66bfff7d66dbd5b33bca34cc94.pdf,77,1.0,1.0,0.8032786885245902,0.9508196721311475
299,domain_2,F,4e779acee13fa6e0763fb33d1c83030b8e6ea33d.pdf,3,4e779acee13fa6e0763fb33d1c83030b8e6ea33d.pdf,3,F|F|F,1.000000,1.000000,False,False,False,False,False,same_doc_answer_aware,predicted_answer,,0.104483,0.000000,5,0.000000,0.000000,,F,4e779acee13fa6e0763fb33d1c83030b8e6ea33d.pdf,1,1.0,1.0,0.6,0.9
300,domain_2,B,fb285f08989b559f0080c9dd096d3557860f919d.pdf,1,fb285f08989b559f0080c9dd096d3557860f919d.pdf,3,B|B|B,1.000000,1.000000,False,False,False,False,False,same_doc_answer_aware,predicted_answer,,0.153499,0.000000,3,0.000000,0.000000,,B,fb285f08989b559f0080c9dd096d3557860f919d.pdf,1,1.0,1.0,1.0,1.0
301,domain_2,C,780fd55597cd81f1cf0d1492926ab69cfb115d89.pdf,5,780fd55597cd81f1cf0d1492926ab69cfb115d89.pdf,3,C|C|C,1.000000,1.000000,False,False,False,False,False,same_doc_answer_aware,predicted_answer,,0.132645,0.000000,11,0.000000,0.000000,,C,780fd55597cd81f1cf0d1492926ab69cfb115d89.pdf,1,1.0,1.0,0.6363636363636364,0.9090909090909091
302,domain_2,B,a8bf09b126fb7c9072a5a54c3c0aaa5df7968ea4.pdf,1,a8bf09b126fb7c9072a5a54c3c0aaa5df7968ea4.pdf,3,B|B|B,1.000000,1.000000,False,False,False,False,False,same_doc_answer_aware,predicted_answer,,0.149595,0.000000,4,0.000000,0.000000,,B,a8bf09b126fb7c9072a5a54c3c0aaa5df7968ea4.pdf,1,1.0,1.0,1.0,1.0
303,domain_1,C,61990b93694d93444332fc6fa6a0f837ee312bdb.pdf,20,61990b93694d93444332fc6fa6a0f837ee312bdb.pdf,3,C|C|C,1.000000,1.000000,False,False,False,False,False,same_doc_answer_aware,predicted_answer,,0.145098,0.000000,27,0.000000,0.000000,,C,61990b93694d93444332fc6fa6a0f837ee312bdb.pdf,20,1.0,1.0,1.0,1.0
304,domain_2,E,556be4e553eab6942598e58cfa02b6aaa553a0e5.pdf,2,556be4e553eab6942598e58cfa02b6aaa553a0e5.pdf,3,E|E|E,1.000000,1.000000,False,False,False,False,False,same_doc_answer_aware,predicted_answer,,0.104619,0.000000,3,0.000000,0.000000,,E,556be4e553eab6942598e58cfa02b6aaa553a0e5.pdf,2,1.0,1.0,1.0,1.0
305,domain_2,F,20e086e7585d5e496d67ed2313ceb5aa53b409b5.pdf,4,20e086e7585d5e496d67ed2313ceb5aa53b409b5.pdf,3,F|F|F,1.000000,1.000000,False,False,False,False,False,same_doc_answer_aware,predicted_answer,,0.063136,0.000000,13,0.000000,0.000000,,F,20e086e7585d5e496d67ed2313ceb5aa53b409b5.pdf,3,1.0,1.0,0.9230769230769231,0.9807692307692308
306,domain_2,D,51fc038fd5ddeade0c2c261e2b56508b287bab98.pdf,1,51fc038fd5ddeade0c2c261e2b56508b287bab98.pdf,3,D|D|D,1.000000,1.000000,False,False,False,False,False,same_doc_answer_aware,predicted_answer,,0.157221,0.000000,3,0.000000,0.000000,,D,51fc038fd5ddeade0c2c261e2b56508b287bab98.pdf,1,1.0,1.0,1.0,1.0
307,domain_2,D,5ae9814fac3ba1f5048ce716f15304d3ead03823.pdf,1,5ae9814fac3ba1f5048ce716f15304d3ead03823.pdf,3,D|D|D,1.000000,1.000000,False,False,False,False,False,same_doc_answer_aware,predicted_answer,,0.151943,0.000000,16,0.000000,0.000000,,D,5ae9814fac3ba1f5048ce716f15304d3ead03823.pdf,1,1.0,1.0,1.0,1.0
308,domain_2,E,f548cde5ba56c4e1d8aeca95c3e190f2711d6fa1.pdf,13,f548cde5ba56c4e1d8aeca95c3e190f2711d6fa1.pdf,3,E|E|E,1.000000,1.000000,False,False,False,False,False,same_doc_answer_aware,predicted_answer,,0.114844,0.000000,17,0.000000,0.000000,,E,f548cde5ba56c4e1d8aeca95c3e190f2711d6fa1.pdf,12,1.0,1.0,0.9411764705882353,0.9852941176470589
309,domain_2,A,828b7ab8d9ead3e6f25ce173cd6f03cce5c800c1.pdf,3,828b7ab8d9ead3e6f25ce173cd6f03cce5c800c1.pdf,3,A|A|A,1.000000,1.000000,False,False,False,False,False,same_doc_answer_aware,predicted_answer,,0.073831,0.000000,7,0.000000,0.000000,,A,828b7ab8d9ead3e6f25ce173cd6f03cce5c800c1.pdf,1,1.0,1.0,0.7142857142857143,0.9285714285714286
310,domain_2,C,828b7ab8d9ead3e6f25ce173cd6f03cce5c800c1.pdf,2,828b7ab8d9ead3e6f25ce173cd6f03cce5c800c1.pdf,3,C|C|C,1.000000,1.000000,False,False,False,False,False,same_doc_answer_aware,predicted_answer,,0.040876,0.000000,7,0.000000,0.000000,,C,828b7ab8d9ead3e6f25ce173cd6f03cce5c800c1.pdf,4,1.0,1.0,0.7142857142857143,0.9285714285714286
311,domain_1,F,61990b93694d93444332fc6fa6a0f837ee312bdb.pdf,3,61990b93694d93444332fc6fa6a0f837ee312bdb.pdf,3,F|F|F,1.000000,1.000000,False,False,False,False,False,same_doc_answer_aware,predicted_answer,,0.094511,0.000000,27,0.000000,0.000000,,F,61990b93694d93444332fc6fa6a0f837ee312bdb.pdf,4,1.0,1.0,0.962962962962963,0.9907407407407407
312,domain_2,E,3828dec85bc546bd064190a023c7c802d6a8ab0a.pdf,5,3828dec85bc546bd064190a023c7c802d6a8ab0a.pdf,3,E|E|E,1.000000,1.000000,False,False,False,False,False,same_doc_answer_aware,predicted_answer,,0.147262,0.000000,6,0.000000,0.000000,,E,3828dec85bc546bd064190a023c7c802d6a8ab0a.pdf,5,1.0,1.0,1.0,1.0
313,domain_2,D,a8bf09b126fb7c9072a5a54c3c0aaa5df7968ea4.pdf,1,a8bf09b126fb7c9072a5a54c3c0aaa5df7968ea4.pdf,3,D|D|D,1.000000,1.000000,False,False,False,False,False,same_doc_answer_aware,predicted_answer,,0.106367,0.000000,4,0.000000,0.000000,,D,a8bf09b126fb7c9072a5a54c3c0aaa5df7968ea4.pdf,1,1.0,1.0,1.0,1.0
314,domain_2,F,f548cde5ba56c4e1d8aeca95c3e190f2711d6fa1.pdf,1,f548cde5ba56c4e1d8aeca95c3e190f2711d6fa1.pdf,3,F|F|F,1.000000,1.000000,False,False,False,False,False,same_doc_answer_aware,predicted_answer,,0.180682,0.000000,17,0.000000,0.000000,,F,f548cde5ba56c4e1d8aeca95c3e190f2711d6fa1.pdf,1,1.0,1.0,1.0,1.0
315,domain_2,F,d80178b24cc3a40d841ec790e575767afd0a3fd9.pdf,12,d80178b24cc3a40d841ec790e575767afd0a3fd9.pdf,3,F|F|F,1.000000,1.000000,False,False,False,False,False,same_doc_answer_aware,predicted_answer,,0.001351,0.000000,26,0.000000,0.000000,,F,f4539bc3a79016285524705e25fee5a8d523db3d.pdf,2,1.0,0.0,0.0,0.5
316,domain_1,F,ac85a12a4483579ba8f51197b5c8ace05f5397e0.pdf,14,ac85a12a4483579ba8f51197b5c8ace05f5397e0.pdf,3,F|F|F,1.000000,1.000000,False,False,False,False,False,same_doc_answer_aware,predicted_answer,,0.034919,0.000000,25,0.000000,0.000000,,F,ac85a12a4483579ba8f51197b5c8ace05f5397e0.pdf,9,1.0,1.0,0.8,0.95
317,domain_1,E,cadef3fc7594662353b7c94387b63a926b5d92d3.pdf,18,cadef3fc7594662353b7c94387b63a926b5d92d3.pdf,3,E|E|E,1.000000,1.000000,False,False,False,False,False,same_doc_answer_aware,predicted_answer,,0.102907,0.000000,59,0.000000,0.000000,,B,cadef3fc7594662353b7c94387b63a926b5d92d3.pdf,28,0.0,1.0,0.8305084745762712,0.4576271186440678
318,domain_1,A,0ec2a844ab5e5f66bfff7d66dbd5b33bca34cc94.pdf,6,0ec2a844ab5e5f66bfff7d66dbd5b33bca34cc94.pdf,3,A|A|A,1.000000,1.000000,False,False,False,False,False,same_doc_answer_aware,predicted_answer,,0.024258,0.000000,122,0.000000,0.000000,,A,0ec2a844ab5e5f66bfff7d66dbd5b33bca34cc94.pdf,12,1.0,1.0,0.9508196721311475,0.9877049180327868
319,domain_1,E,72e790ea927cb79b08838bcd0e290c83fd4f6e06.pdf,1,72e790ea927cb79b08838bcd0e290c83fd4f6e06.pdf,3,E|E|E,1.000000,1.000000,False,False,False,False,False,same_doc_answer_aware,predicted_answer,,,,89,0.000000,0.000000,,E,72e790ea927cb79b08838bcd0e290c83fd4f6e06.pdf,3,1.0,1.0,0.9775280898876404,0.9943820224719101
320,domain_2,F,7db5015ac19c3cd7bb04118b38a228b3572a358c.pdf,1,7db5015ac19c3cd7bb04118b38a228b3572a358c.pdf,3,F|F|F,1.000000,1.000000,False,False,False,False,False,same_doc_answer_aware,predicted_answer,,0.036031,0.000000,3,0.000000,0.000000,,F,7db5015ac19c3cd7bb04118b38a228b3572a358c.pdf,1,1.0,1.0,1.0,1.0
321,domain_1,B,a066d97ba4ff355ede19dabfdf01860cfa04a6de.pdf,1,a066d97ba4ff355ede19dabfdf01860cfa04a6de.pdf,3,B|B|B,1.000000,1.000000,False,False,False,False,False,same_doc_answer_aware,predicted_answer,,,,66,0.000000,0.000000,,B,a066d97ba4ff355ede19dabfdf01860cfa04a6de.pdf,8,1.0,1.0,0.8939393939393939,0.9734848484848485
322,domain_2,C,5ae9814fac3ba1f5048ce716f15304d3ead03823.pdf,12,5ae9814fac3ba1f5048ce716f15304d3ead03823.pdf,3,C|C|C,1.000000,1.000000,False,False,False,False,False,same_doc_answer_aware,predicted_answer,,0.068189,0.000000,16,0.000000,0.000000,,C,5ae9814fac3ba1f5048ce716f15304d3ead03823.pdf,12,1.0,1.0,1.0,1.0
323,domain_1,B,a066d97ba4ff355ede19dabfdf01860cfa04a6de.pdf,3,a066d97ba4ff355ede19dabfdf01860cfa04a6de.pdf,3,B|B|B,1.000000,1.000000,False,False,False,False,False,same_doc_answer_aware,predicted_answer,,0.073330,0.000000,66,0.000000,0.000000,,B,a066d97ba4ff355ede19dabfdf01860cfa04a6de.pdf,3,1.0,1.0,1.0,1.0
324,domain_2,A,a8bf09b126fb7c9072a5a54c3c0aaa5df7968ea4.pdf,2,a8bf09b126fb7c9072a5a54c3c0aaa5df7968ea4.pdf,3,A|A|A,1.000000,1.000000,False,False,False,False,False,same_doc_answer_aware,predicted_answer,,0.003584,0.000000,4,0.000000,0.000000,,A,9d2df2f02cd5d57fe401497c3e64e47a3994112d.pdf,4,1.0,0.0,0.0,0.5
325,domain_1,B,cadef3fc7594662353b7c94387b63a926b5d92d3.pdf,15,cadef3fc7594662353b7c94387b63a926b5d92d3.pdf,3,B|B|B,1.000000,1.000000,False,False,False,False,False,same_doc_answer_aware,predicted_answer,,0.042200,0.000000,59,0.000000,0.000000,,B,cadef3fc7594662353b7c94387b63a926b5d92d3.pdf,4,1.0,1.0,0.8135593220338984,0.9533898305084746
326,domain_2,C,f8e8ea2b7e82798862bc3d7b2753f2262642d889.pdf,2,f8e8ea2b7e82798862bc3d7b2753f2262642d889.pdf,3,C|C|C,1.000000,1.000000,False,False,False,False,False,same_doc_answer_aware,predicted_answer,,0.108339,0.000000,5,0.000000,0.000000,,C,f8e8ea2b7e82798862bc3d7b2753f2262642d889.pdf,3,1.0,1.0,0.8,0.95
327,domain_2,F,1caa31f28b0feabbe319d352bf58cb08adcc4dc8.pdf,1,1caa31f28b0feabbe319d352bf58cb08adcc4dc8.pdf,3,F|F|F,1.000000,1.000000,False,False,False,False,False,same_doc_answer_aware,predicted_answer,,0.094198,0.000000,15,0.000000,0.000000,,F,1caa31f28b0feabbe319d352bf58cb08adcc4dc8.pdf,1,1.0,1.0,1.0,1.0
328,domain_1,D,54a634188fe502d79e2653231c8ea286636142a0.pdf,69,54a634188fe502d79e2653231c8ea286636142a0.pdf,3,D|D|D,1.000000,1.000000,False,False,False,False,False,same_doc_answer_aware,predicted_answer,,0.082265,0.000000,173,0.000000,0.000000,,D,54a634188fe502d79e2653231c8ea286636142a0.pdf,26,1.0,1.0,0.7514450867052023,0.9378612716763006
329,domain_2,D,aba537442395c1a4ca13d05e378a49a47865cc46.pdf,14,aba537442395c1a4ca13d05e378a49a47865cc46.pdf,3,D|D|D,1.000000,1.000000,False,False,False,False,False,same_doc_answer_aware,predicted_answer,,0.045032,0.000000,20,0.000000,0.000000,,D,aba537442395c1a4ca13d05e378a49a47865cc46.pdf,14,1.0,1.0,1.0,1.0
330,domain_2,C,a8bf09b126fb7c9072a5a54c3c0aaa5df7968ea4.pdf,2,a8bf09b126fb7c9072a5a54c3c0aaa5df7968ea4.pdf,3,C|C|C,1.000000,1.000000,False,False,False,False,False,same_doc_answer_aware,predicted_answer,,0.074332,0.000000,4,0.000000,0.000000,,C,a8bf09b126fb7c9072a5a54c3c0aaa5df7968ea4.pdf,1,1.0,1.0,0.75,0.9375
331,domain_2,B,fb285f08989b559f0080c9dd096d3557860f919d.pdf,1,fb285f08989b559f0080c9dd096d3557860f919d.pdf,3,B|B|B,1.000000,1.000000,False,False,False,False,False,same_doc_answer_aware,predicted_answer,,0.096714,0.000000,3,0.000000,0.000000,,B,fb285f08989b559f0080c9dd096d3557860f919d.pdf,1,1.0,1.0,1.0,1.0
332,domain_2,B,2827fbd42bc74ef48ac74ef40b90868b94b1da79.pdf,6,2827fbd42bc74ef48ac74ef40b90868b94b1da79.pdf,3,B|B|B,1.000000,1.000000,False,False,False,False,False,same_doc_answer_aware,predicted_answer,,0.030399,0.000000,7,0.000000,0.000000,,B,5c75a2eb4814242f35871112bc657e36f813674b.pdf,1,1.0,0.0,0.0,0.5
333,domain_2,F,1026d4282a0fb8d22694301adc83729950c8498b.pdf,5,1026d4282a0fb8d22694301adc83729950c8498b.pdf,3,F|F|F,1.000000,1.000000,False,False,False,False,False,same_doc_answer_aware,predicted_answer,,0.175228,0.000000,6,0.000000,0.000000,,F,1026d4282a0fb8d22694301adc83729950c8498b.pdf,5,1.0,1.0,1.0,1.0
334,domain_2,B,4e779acee13fa6e0763fb33d1c83030b8e6ea33d.pdf,1,4e779acee13fa6e0763fb33d1c83030b8e6ea33d.pdf,3,B|B|B,1.000000,1.000000,False,False,False,False,False,same_doc_answer_aware,predicted_answer,,0.111602,0.000000,5,0.000000,0.000000,,B,4e779acee13fa6e0763fb33d1c83030b8e6ea33d.pdf,1,1.0,1.0,1.0,1.0
335,domain_1,E,a066d97ba4ff355ede19dabfdf01860cfa04a6de.pdf,28,a066d97ba4ff355ede19dabfdf01860cfa04a6de.pdf,3,E|E|E,1.000000,1.000000,False,False,False,False,False,same_doc_answer_aware,predicted_answer,,0.116099,0.000000,66,0.000000,0.000000,,E,a066d97ba4ff355ede19dabfdf01860cfa04a6de.pdf,28,1.0,1.0,1.0,1.0
336,domain_2,C,f4539bc3a79016285524705e25fee5a8d523db3d.pdf,1,f4539bc3a79016285524705e25fee5a8d523db3d.pdf,3,C|C|C,1.000000,1.000000,False,False,False,False,False,same_doc_answer_aware,predicted_answer,,0.072505,0.000000,8,0.000000,0.000000,,C,f4539bc3a79016285524705e25fee5a8d523db3d.pdf,1,1.0,1.0,1.0,1.0
337,domain_1,E,0ec2a844ab5e5f66bfff7d66dbd5b33bca34cc94.pdf,29,0ec2a844ab5e5f66bfff7d66dbd5b33bca34cc94.pdf,3,E|E|E,1.000000,1.000000,False,False,False,False,False,same_doc_answer_aware,predicted_answer,,0.010062,0.000000,122,0.000000,0.000000,,E,0ec2a844ab5e5f66bfff7d66dbd5b33bca34cc94.pdf,12,1.0,1.0,0.860655737704918,0.9651639344262295
338,domain_1,A,0ec2a844ab5e5f66bfff7d66dbd5b33bca34cc94.pdf,5,0ec2a844ab5e5f66bfff7d66dbd5b33bca34cc94.pdf,3,A|A|A,1.000000,1.000000,False,False,False,False,False,same_doc_answer_aware,predicted_answer,,0.153254,0.000000,122,0.000000,0.000000,,A,0ec2a844ab5e5f66bfff7d66dbd5b33bca34cc94.pdf,5,1.0,1.0,1.0,1.0
339,domain_2,D,5ae9814fac3ba1f5048ce716f15304d3ead03823.pdf,14,5ae9814fac3ba1f5048ce716f15304d3ead03823.pdf,3,D|D|D,1.000000,1.000000,False,False,False,False,False,same_doc_answer_aware,predicted_answer,,0.008830,0.000000,16,0.000000,0.000000,,D,5ae9814fac3ba1f5048ce716f15304d3ead03823.pdf,8,1.0,1.0,0.625,0.90625
340,domain_2,D,60d1bee90467207fbbac980b346b932229542c73.pdf,9,60d1bee90467207fbbac980b346b932229542c73.pdf,3,D|D|D,1.000000,1.000000,False,False,False,False,False,same_doc_answer_aware,predicted_answer,,0.016523,0.000000,10,0.000000,0.000000,,D,cc340c81af3efa6ad4f864b38c4b1c497562df63.pdf,4,1.0,0.0,0.0,0.5
341,domain_2,D,cc340c81af3efa6ad4f864b38c4b1c497562df63.pdf,2,cc340c81af3efa6ad4f864b38c4b1c497562df63.pdf,3,D|D|D,1.000000,1.000000,False,False,False,False,False,same_doc_answer_aware,predicted_answer,,0.150376,0.000000,9,0.000000,0.000000,,D,cc340c81af3efa6ad4f864b38c4b1c497562df63.pdf,2,1.0,1.0,1.0,1.0
342,domain_2,D,f548cde5ba56c4e1d8aeca95c3e190f2711d6fa1.pdf,3,f548cde5ba56c4e1d8aeca95c3e190f2711d6fa1.pdf,3,D|D|D,1.000000,1.000000,False,False,False,False,False,same_doc_answer_aware,predicted_answer,,0.186624,0.000000,17,0.000000,0.000000,,D,f548cde5ba56c4e1d8aeca95c3e190f2711d6fa1.pdf,3,1.0,1.0,1.0,1.0
343,domain_1,C,54a634188fe502d79e2653231c8ea286636142a0.pdf,140,54a634188fe502d79e2653231c8ea286636142a0.pdf,3,C|C|C,1.000000,1.000000,False,False,False,False,False,same_doc_answer_aware,predicted_answer,,,,173,0.000000,0.000000,,C,54a634188fe502d79e2653231c8ea286636142a0.pdf,139,1.0,1.0,0.9942196531791907,0.9985549132947977
344,domain_2,D,3828dec85bc546bd064190a023c7c802d6a8ab0a.pdf,3,3828dec85bc546bd064190a023c7c802d6a8ab0a.pdf,3,D|D|D,1.000000,1.000000,False,False,False,False,False,same_doc_answer_aware,predicted_answer,,0.168373,0.000000,6,0.000000,0.000000,,D,3828dec85bc546bd064190a023c7c802d6a8ab0a.pdf,3,1.0,1.0,1.0,1.0
345,domain_2,C,9d2df2f02cd5d57fe401497c3e64e47a3994112d.pdf,1,9d2df2f02cd5d57fe401497c3e64e47a3994112d.pdf,3,C|C|C,1.000000,1.000000,False,False,False,False,False,same_doc_answer_aware,predicted_answer,,0.065340,0.000000,5,0.000000,0.000000,,C,9d2df2f02cd5d57fe401497c3e64e47a3994112d.pdf,1,1.0,1.0,1.0,1.0
346,domain_1,F,759dfc8486c0f02391d7cfc1fed753b0608fc601.pdf,75,759dfc8486c0f02391d7cfc1fed753b0608fc601.pdf,3,F|F|F,1.000000,1.000000,False,False,False,False,False,same_doc_answer_aware,predicted_answer,,0.013198,0.000000,79,0.000000,0.000000,,F,759dfc8486c0f02391d7cfc1fed753b0608fc601.pdf,74,1.0,1.0,0.9873417721518988,0.9968354430379747
347,domain_1,D,72e790ea927cb79b08838bcd0e290c83fd4f6e06.pdf,3,72e790ea927cb79b08838bcd0e290c83fd4f6e06.pdf,3,D|D|D,1.000000,1.000000,False,False,False,False,False,same_doc_answer_aware,predicted_answer,,0.077223,0.000000,89,0.000000,0.000000,,D,72e790ea927cb79b08838bcd0e290c83fd4f6e06.pdf,3,1.0,1.0,1.0,1.0
348,domain_1,C,72e790ea927cb79b08838bcd0e290c83fd4f6e06.pdf,76,72e790ea927cb79b08838bcd0e290c83fd4f6e06.pdf,3,C|C|C,1.000000,1.000000,False,False,False,False,False,same_doc_answer_aware,predicted_answer,,0.053709,0.000000,89,0.000000,0.000000,,F,72e790ea927cb79b08838bcd0e290c83fd4f6e06.pdf,48,0.0,1.0,0.6853932584269663,0.4213483146067416
349,domain_2,E,556be4e553eab6942598e58cfa02b6aaa553a0e5.pdf,2,556be4e553eab6942598e58cfa02b6aaa553a0e5.pdf,3,E|E|E,1.000000,1.000000,False,False,False,False,False,same_doc_answer_aware,predicted_answer,,0.151476,0.000000,3,0.000000,0.000000,,E,556be4e553eab6942598e58cfa02b6aaa553a0e5.pdf,2,1.0,1.0,1.0,1.0
350,domain_2,A,1026d4282a0fb8d22694301adc83729950c8498b.pdf,1,1026d4282a0fb8d22694301adc83729950c8498b.pdf,3,A|A|A,1.000000,1.000000,False,False,False,False,False,same_doc_answer_aware,predicted_answer,,0.178404,0.000000,6,0.000000,0.000000,,A,1026d4282a0fb8d22694301adc83729950c8498b.pdf,2,1.0,1.0,0.8333333333333334,0.9583333333333334
351,domain_2,B,20e086e7585d5e496d67ed2313ceb5aa53b409b5.pdf,12,20e086e7585d5e496d67ed2313ceb5aa53b409b5.pdf,3,B|B|B,1.000000,1.000000,False,False,False,False,False,same_doc_answer_aware,predicted_answer,,0.097994,0.000000,13,0.000000,0.000000,,B,20e086e7585d5e496d67ed2313ceb5aa53b409b5.pdf,1,1.0,1.0,0.15384615384615385,0.7884615384615384
352,domain_1,A,54a634188fe502d79e2653231c8ea286636142a0.pdf,116,54a634188fe502d79e2653231c8ea286636142a0.pdf,3,A|A|A,1.000000,1.000000,False,False,False,False,False,same_doc_answer_aware,predicted_answer,,0.043497,0.000000,173,0.000000,0.000000,,F,54a634188fe502d79e2653231c8ea286636142a0.pdf,134,0.0,1.0,0.8959537572254335,0.47398843930635837
353,domain_2,F,aba537442395c1a4ca13d05e378a49a47865cc46.pdf,16,aba537442395c1a4ca13d05e378a49a47865cc46.pdf,3,F|F|F,1.000000,1.000000,False,False,False,False,False,same_doc_answer_aware,predicted_answer,,0.002622,0.000000,20,0.000000,0.000000,,F,5c75a2eb4814242f35871112bc657e36f813674b.pdf,2,1.0,0.0,0.0,0.5
354,domain_1,D,a066d97ba4ff355ede19dabfdf01860cfa04a6de.pdf,6,a066d97ba4ff355ede19dabfdf01860cfa04a6de.pdf,3,D|D|D,1.000000,1.000000,False,False,False,False,False,same_doc_answer_aware,predicted_answer,,0.041318,0.000000,66,0.000000,0.000000,,D,a066d97ba4ff355ede19dabfdf01860cfa04a6de.pdf,6,1.0,1.0,1.0,1.0
355,domain_1,B,41b8a1637eea9e8acb06eef16b1c2479e37e759c.pdf,25,41b8a1637eea9e8acb06eef16b1c2479e37e759c.pdf,3,B|B|B,1.000000,1.000000,False,False,False,False,False,same_doc_answer_aware,predicted_answer,,0.046051,0.000000,76,0.000000,0.000000,,B,41b8a1637eea9e8acb06eef16b1c2479e37e759c.pdf,66,1.0,1.0,0.4605263157894737,0.8651315789473684
356,domain_2,F,1caa31f28b0feabbe319d352bf58cb08adcc4dc8.pdf,14,1caa31f28b0feabbe319d352bf58cb08adcc4dc8.pdf,3,F|F|F,1.000000,1.000000,False,False,False,False,False,same_doc_answer_aware,predicted_answer,,0.094649,0.000000,15,0.000000,0.000000,,F,1caa31f28b0feabbe319d352bf58cb08adcc4dc8.pdf,13,1.0,1.0,0.9333333333333333,0.9833333333333334
357,domain_2,C,51fc038fd5ddeade0c2c261e2b56508b287bab98.pdf,1,51fc038fd5ddeade0c2c261e2b56508b287bab98.pdf,3,C|C|C,1.000000,1.000000,False,False,False,False,False,same_doc_answer_aware,predicted_answer,,0.021381,0.000000,3,0.000000,0.000000,,F,51fc038fd5ddeade0c2c261e2b56508b287bab98.pdf,2,0.0,1.0,0.6666666666666667,0.4166666666666667
358,domain_2,B,9d2df2f02cd5d57fe401497c3e64e47a3994112d.pdf,1,9d2df2f02cd5d57fe401497c3e64e47a3994112d.pdf,3,B|B|B,1.000000,1.000000,False,False,False,False,False,same_doc_answer_aware,predicted_answer,,0.089610,0.000000,5,0.000000,0.000000,,B,9d2df2f02cd5d57fe401497c3e64e47a3994112d.pdf,2,1.0,1.0,0.8,0.95
359,domain_2,F,828b7ab8d9ead3e6f25ce173cd6f03cce5c800c1.pdf,5,828b7ab8d9ead3e6f25ce173cd6f03cce5c800c1.pdf,3,F|F|F,1.000000,1.000000,False,False,False,False,False,same_doc_answer_aware,predicted_answer,,0.120229,0.000000,7,0.000000,0.000000,,F,828b7ab8d9ead3e6f25ce173cd6f03cce5c800c1.pdf,5,1.0,1.0,1.0,1.0
360,domain_1,B,b59848334218c38574465a72b75d6b4744bb985f.pdf,23,b59848334218c38574465a72b75d6b4744bb985f.pdf,3,B|B|B,1.000000,1.000000,False,False,False,False,False,same_doc_answer_aware,predicted_answer,,0.075350,0.000000,101,0.000000,0.000000,,B,b59848334218c38574465a72b75d6b4744bb985f.pdf,22,1.0,1.0,0.9900990099009901,0.9975247524752475
361,domain_1,E,ac85a12a4483579ba8f51197b5c8ace05f5397e0.pdf,12,ac85a12a4483579ba8f51197b5c8ace05f5397e0.pdf,3,E|E|E,1.000000,1.000000,False,False,False,False,False,same_doc_answer_aware,predicted_answer,,0.141500,0.000000,25,0.000000,0.000000,,E,ac85a12a4483579ba8f51197b5c8ace05f5397e0.pdf,11,1.0,1.0,0.96,0.99
362,domain_2,D,b0e35f26831baa753925da047ca36d318a100825.pdf,1,b0e35f26831baa753925da047ca36d318a100825.pdf,3,D|D|D,1.000000,1.000000,False,False,False,False,False,same_doc_answer_aware,predicted_answer,,0.047505,0.000000,4,0.000000,0.000000,,D,b0e35f26831baa753925da047ca36d318a100825.pdf,1,1.0,1.0,1.0,1.0
363,domain_2,B,556be4e553eab6942598e58cfa02b6aaa553a0e5.pdf,1,556be4e553eab6942598e58cfa02b6aaa553a0e5.pdf,3,B|B|B,1.000000,1.000000,False,False,False,False,False,same_doc_answer_aware,predicted_answer,,0.147459,0.000000,3,0.000000,0.000000,,B,556be4e553eab6942598e58cfa02b6aaa553a0e5.pdf,1,1.0,1.0,1.0,1.0
364,domain_2,A,1026d4282a0fb8d22694301adc83729950c8498b.pdf,5,1026d4282a0fb8d22694301adc83729950c8498b.pdf,3,A|A|A,1.000000,1.000000,False,False,False,False,False,same_doc_answer_aware,predicted_answer,,0.105625,0.000000,6,0.000000,0.000000,,A,1026d4282a0fb8d22694301adc83729950c8498b.pdf,5,1.0,1.0,1.0,1.0
365,domain_1,E,0ec2a844ab5e5f66bfff7d66dbd5b33bca34cc94.pdf,113,0ec2a844ab5e5f66bfff7d66dbd5b33bca34cc94.pdf,3,E|E|E,1.000000,1.000000,False,False,False,False,False,same_doc_answer_aware,predicted_answer,,,,122,0.000000,0.000000,,E,0ec2a844ab5e5f66bfff7d66dbd5b33bca34cc94.pdf,113,1.0,1.0,1.0,1.0
366,domain_2,C,114aa3c7890f255d1134a31a22a29caae427a6f1.pdf,1,114aa3c7890f255d1134a31a22a29caae427a6f1.pdf,3,C|C|C,1.000000,1.000000,False,False,False,False,False,same_doc_answer_aware,predicted_answer,,0.134017,0.000000,9,0.000000,0.000000,,C,114aa3c7890f255d1134a31a22a29caae427a6f1.pdf,1,1.0,1.0,1.0,1.0
367,domain_2,C,fb285f08989b559f0080c9dd096d3557860f919d.pdf,1,fb285f08989b559f0080c9dd096d3557860f919d.pdf,3,C|C|C,1.000000,1.000000,False,False,False,False,False,same_doc_answer_aware,predicted_answer,,0.218408,0.000000,3,0.000000,0.000000,,C,fb285f08989b559f0080c9dd096d3557860f919d.pdf,1,1.0,1.0,1.0,1.0
368,domain_2,F,f8e8ea2b7e82798862bc3d7b2753f2262642d889.pdf,3,f8e8ea2b7e82798862bc3d7b2753f2262642d889.pdf,3,F|F|F,1.000000,1.000000,False,False,False,False,False,same_doc_answer_aware,predicted_answer,,0.151898,0.000000,5,0.000000,0.000000,,F,f8e8ea2b7e82798862bc3d7b2753f2262642d889.pdf,1,1.0,1.0,0.6,0.9
369,domain_2,A,114aa3c7890f255d1134a31a22a29caae427a6f1.pdf,5,114aa3c7890f255d1134a31a22a29caae427a6f1.pdf,3,A|A|A,1.000000,1.000000,False,False,False,False,False,same_doc_answer_aware,predicted_answer,,0.053881,0.000000,9,0.000000,0.000000,,A,114aa3c7890f255d1134a31a22a29caae427a6f1.pdf,8,1.0,1.0,0.6666666666666667,0.9166666666666667
370,domain_2,A,f4539bc3a79016285524705e25fee5a8d523db3d.pdf,1,f4539bc3a79016285524705e25fee5a8d523db3d.pdf,3,A|A|A,1.000000,1.000000,False,False,False,False,False,same_doc_answer_aware,predicted_answer,,0.115783,0.000000,8,0.000000,0.000000,,A,f4539bc3a79016285524705e25fee5a8d523db3d.pdf,1,1.0,1.0,1.0,1.0
371,domain_1,A,0ec2a844ab5e5f66bfff7d66dbd5b33bca34cc94.pdf,29,0ec2a844ab5e5f66bfff7d66dbd5b33bca34cc94.pdf,3,A|A|A,1.000000,1.000000,False,False,False,False,False,same_doc_answer_aware,predicted_answer,,0.070695,0.000000,122,0.000000,0.000000,,A,0ec2a844ab5e5f66bfff7d66dbd5b33bca34cc94.pdf,16,1.0,1.0,0.8934426229508197,0.9733606557377049
372,domain_2,A,f8e8ea2b7e82798862bc3d7b2753f2262642d889.pdf,4,f8e8ea2b7e82798862bc3d7b2753f2262642d889.pdf,3,A|A|A,1.000000,1.000000,False,False,False,False,False,same_doc_answer_aware,predicted_answer,,0.176765,0.000000,5,0.000000,0.000000,,A,f8e8ea2b7e82798862bc3d7b2753f2262642d889.pdf,4,1.0,1.0,1.0,1.0
373,domain_2,E,f548cde5ba56c4e1d8aeca95c3e190f2711d6fa1.pdf,8,f548cde5ba56c4e1d8aeca95c3e190f2711d6fa1.pdf,3,E|E|E,1.000000,1.000000,False,False,False,False,False,same_doc_answer_aware,predicted_answer,,0.163020,0.000000,17,0.000000,0.000000,,E,f548cde5ba56c4e1d8aeca95c3e190f2711d6fa1.pdf,14,1.0,1.0,0.6470588235294117,0.9117647058823529
374,domain_1,D,54a634188fe502d79e2653231c8ea286636142a0.pdf,1,54a634188fe502d79e2653231c8ea286636142a0.pdf,3,D|D|D,1.000000,1.000000,False,False,False,False,False,same_doc_answer_aware,predicted_answer,,0.109169,0.000000,173,0.000000,0.000000,,D,54a634188fe502d79e2653231c8ea286636142a0.pdf,1,1.0,1.0,1.0,1.0
375,domain_1,D,b59848334218c38574465a72b75d6b4744bb985f.pdf,42,b59848334218c38574465a72b75d6b4744bb985f.pdf,3,D|D|D,1.000000,1.000000,False,False,False,False,False,same_doc_answer_aware,predicted_answer,,0.141006,0.000000,101,0.000000,0.000000,,D,b59848334218c38574465a72b75d6b4744bb985f.pdf,42,1.0,1.0,1.0,1.0
376,domain_1,A,31e80927922c1ffb86a2fcf32c073097d8f4ac72.pdf,35,31e80927922c1ffb86a2fcf32c073097d8f4ac72.pdf,3,A|A|A,1.000000,1.000000,False,False,False,False,False,same_doc_answer_aware,predicted_answer,,0.099876,0.000000,48,0.000000,0.000000,,A,31e80927922c1ffb86a2fcf32c073097d8f4ac72.pdf,26,1.0,1.0,0.8125,0.953125
377,domain_1,C,31e80927922c1ffb86a2fcf32c073097d8f4ac72.pdf,7,31e80927922c1ffb86a2fcf32c073097d8f4ac72.pdf,3,C|C|C,1.000000,1.000000,False,False,False,False,False,same_doc_answer_aware,predicted_answer,,0.111112,0.000000,48,0.000000,0.000000,,C,31e80927922c1ffb86a2fcf32c073097d8f4ac72.pdf,7,1.0,1.0,1.0,1.0
378,domain_1,F,759dfc8486c0f02391d7cfc1fed753b0608fc601.pdf,60,759dfc8486c0f02391d7cfc1fed753b0608fc601.pdf,3,F|F|F,1.000000,1.000000,False,False,False,False,False,same_doc_answer_aware,predicted_answer,,,,79,0.000000,0.000000,,F,759dfc8486c0f02391d7cfc1fed753b0608fc601.pdf,12,1.0,1.0,0.3924050632911392,0.8481012658227848
379,domain_1,A,a066d97ba4ff355ede19dabfdf01860cfa04a6de.pdf,3,a066d97ba4ff355ede19dabfdf01860cfa04a6de.pdf,3,A|A|A,1.000000,1.000000,False,False,False,False,False,same_doc_answer_aware,predicted_answer,,0.046646,0.000000,66,0.000000,0.000000,,A,a066d97ba4ff355ede19dabfdf01860cfa04a6de.pdf,3,1.0,1.0,1.0,1.0
380,domain_1,F,a066d97ba4ff355ede19dabfdf01860cfa04a6de.pdf,15,a066d97ba4ff355ede19dabfdf01860cfa04a6de.pdf,3,F|F|F,1.000000,1.000000,False,False,False,False,False,same_doc_answer_aware,predicted_answer,,0.072299,0.000000,66,0.000000,0.000000,,D,a066d97ba4ff355ede19dabfdf01860cfa04a6de.pdf,2,0.0,1.0,0.803030303030303,0.45075757575757575
381,domain_1,D,cadef3fc7594662353b7c94387b63a926b5d92d3.pdf,3,cadef3fc7594662353b7c94387b63a926b5d92d3.pdf,3,D|D|D,1.000000,1.000000,False,False,False,False,False,same_doc_answer_aware,predicted_answer,,0.080560,0.000000,59,0.000000,0.000000,,D,cadef3fc7594662353b7c94387b63a926b5d92d3.pdf,3,1.0,1.0,1.0,1.0
382,domain_1,C,41b8a1637eea9e8acb06eef16b1c2479e37e759c.pdf,61,41b8a1637eea9e8acb06eef16b1c2479e37e759c.pdf,3,C|C|C,1.000000,1.000000,False,False,False,False,False,same_doc_answer_aware,predicted_answer,,,,76,0.000000,0.000000,,C,41b8a1637eea9e8acb06eef16b1c2479e37e759c.pdf,60,1.0,1.0,0.9868421052631579,0.9967105263157895
383,domain_2,F,7db5015ac19c3cd7bb04118b38a228b3572a358c.pdf,1,7db5015ac19c3cd7bb04118b38a228b3572a358c.pdf,3,F|F|F,1.000000,1.000000,False,False,False,False,False,same_doc_answer_aware,predicted_answer,,0.005185,0.000000,3,0.000000,0.000000,,F,7db5015ac19c3cd7bb04118b38a228b3572a358c.pdf,2,1.0,1.0,0.6666666666666667,0.9166666666666667
384,domain_2,A,f8e8ea2b7e82798862bc3d7b2753f2262642d889.pdf,1,f8e8ea2b7e82798862bc3d7b2753f2262642d889.pdf,3,A|A|A,1.000000,1.000000,False,False,False,False,False,same_doc_answer_aware,predicted_answer,,0.144487,0.000000,5,0.000000,0.000000,,F,f8e8ea2b7e82798862bc3d7b2753f2262642d889.pdf,5,0.0,1.0,0.19999999999999996,0.3
385,domain_1,F,759dfc8486c0f02391d7cfc1fed753b0608fc601.pdf,66,759dfc8486c0f02391d7cfc1fed753b0608fc601.pdf,3,F|F|F,1.000000,1.000000,False,False,False,False,False,same_doc_answer_aware,predicted_answer,,0.145796,0.000000,79,0.000000,0.000000,,F,759dfc8486c0f02391d7cfc1fed753b0608fc601.pdf,3,1.0,1.0,0.20253164556962022,0.8006329113924051
386,domain_2,D,828b7ab8d9ead3e6f25ce173cd6f03cce5c800c1.pdf,5,828b7ab8d9ead3e6f25ce173cd6f03cce5c800c1.pdf,3,D|D|D,1.000000,1.000000,False,False,False,False,False,same_doc_answer_aware,predicted_answer,,0.036616,0.000000,7,0.000000,0.000000,,D,828b7ab8d9ead3e6f25ce173cd6f03cce5c800c1.pdf,5,1.0,1.0,1.0,1.0
387,domain_2,E,5ae9814fac3ba1f5048ce716f15304d3ead03823.pdf,1,5ae9814fac3ba1f5048ce716f15304d3ead03823.pdf,3,E|E|E,1.000000,1.000000,False,False,False,False,False,same_doc_answer_aware,predicted_answer,,0.163570,0.000000,16,0.000000,0.000000,,E,5ae9814fac3ba1f5048ce716f15304d3ead03823.pdf,1,1.0,1.0,1.0,1.0
388,domain_2,C,828b7ab8d9ead3e6f25ce173cd6f03cce5c800c1.pdf,4,828b7ab8d9ead3e6f25ce173cd6f03cce5c800c1.pdf,3,C|C|C,1.000000,1.000000,False,False,False,False,False,same_doc_answer_aware,predicted_answer,,0.005215,0.000000,7,0.000000,0.000000,,C,2827fbd42bc74ef48ac74ef40b90868b94b1da79.pdf,3,1.0,0.0,0.0,0.5
389,domain_2,E,1026d4282a0fb8d22694301adc83729950c8498b.pdf,5,1026d4282a0fb8d22694301adc83729950c8498b.pdf,3,E|E|E,1.000000,1.000000,False,False,False,False,False,same_doc_answer_aware,predicted_answer,,0.065349,0.000000,6,0.000000,0.000000,,E,1026d4282a0fb8d22694301adc83729950c8498b.pdf,5,1.0,1.0,1.0,1.0
390,domain_1,A,54a634188fe502d79e2653231c8ea286636142a0.pdf,144,54a634188fe502d79e2653231c8ea286636142a0.pdf,3,A|A|A,1.000000,1.000000,False,False,False,False,False,same_doc_answer_aware,predicted_answer,,0.084747,0.000000,173,0.000000,0.000000,,F,54a634188fe502d79e2653231c8ea286636142a0.pdf,17,0.0,1.0,0.2658959537572254,0.31647398843930635
391,domain_2,B,f4539bc3a79016285524705e25fee5a8d523db3d.pdf,1,f4539bc3a79016285524705e25fee5a8d523db3d.pdf,3,B|B|B,1.000000,1.000000,False,False,False,False,False,same_doc_answer_aware,predicted_answer,,0.166032,0.000000,8,0.000000,0.000000,,B,f4539bc3a79016285524705e25fee5a8d523db3d.pdf,1,1.0,1.0,1.0,1.0
392,domain_1,E,54a634188fe502d79e2653231c8ea286636142a0.pdf,145,54a634188fe502d79e2653231c8ea286636142a0.pdf,3,E|E|E,1.000000,1.000000,False,False,False,False,False,same_doc_answer_aware,predicted_answer,,,,173,0.000000,0.000000,,E,54a634188fe502d79e2653231c8ea286636142a0.pdf,5,1.0,1.0,0.19075144508670516,0.7976878612716762
393,domain_1,A,cadef3fc7594662353b7c94387b63a926b5d92d3.pdf,3,cadef3fc7594662353b7c94387b63a926b5d92d3.pdf,3,A|A|A,1.000000,1.000000,False,False,False,False,False,same_doc_answer_aware,predicted_answer,,0.073135,0.000000,59,0.000000,0.000000,,E,cadef3fc7594662353b7c94387b63a926b5d92d3.pdf,5,0.0,1.0,0.9661016949152542,0.4915254237288136
394,domain_2,B,51fc038fd5ddeade0c2c261e2b56508b287bab98.pdf,1,51fc038fd5ddeade0c2c261e2b56508b287bab98.pdf,3,B|B|B,1.000000,1.000000,False,False,False,False,False,same_doc_answer_aware,predicted_answer,,0.104736,0.000000,3,0.000000,0.000000,,B,51fc038fd5ddeade0c2c261e2b56508b287bab98.pdf,1,1.0,1.0,1.0,1.0
395,domain_1,F,41b8a1637eea9e8acb06eef16b1c2479e37e759c.pdf,11,41b8a1637eea9e8acb06eef16b1c2479e37e759c.pdf,3,F|F|F,1.000000,1.000000,False,False,False,False,False,same_doc_answer_aware,predicted_answer,,,,76,0.000000,0.000000,,A,41b8a1637eea9e8acb06eef16b1c2479e37e759c.pdf,75,0.0,1.0,0.1578947368421053,0.2894736842105263
396,domain_2,B,114aa3c7890f255d1134a31a22a29caae427a6f1.pdf,1,114aa3c7890f255d1134a31a22a29caae427a6f1.pdf,3,B|B|B,1.000000,1.000000,False,False,False,False,False,same_doc_answer_aware,predicted_answer,,0.028316,0.000000,9,0.000000,0.000000,,C,114aa3c7890f255d1134a31a22a29caae427a6f1.pdf,8,0.0,1.0,0.2222222222222222,0.3055555555555556
397,domain_1,E,61990b93694d93444332fc6fa6a0f837ee312bdb.pdf,22,61990b93694d93444332fc6fa6a0f837ee312bdb.pdf,3,E|E|E,1.000000,1.000000,False,False,False,False,False,same_doc_answer_aware,predicted_answer,,0.218928,0.000000,27,0.000000,0.000000,,E,61990b93694d93444332fc6fa6a0f837ee312bdb.pdf,8,1.0,1.0,0.4814814814814815,0.8703703703703703
398,domain_2,F,1caa31f28b0feabbe319d352bf58cb08adcc4dc8.pdf,6,1caa31f28b0feabbe319d352bf58cb08adcc4dc8.pdf,3,F|F|F,1.000000,1.000000,False,False,False,False,False,same_doc_answer_aware,predicted_answer,,0.213957,0.000000,15,0.000000,0.000000,,F,1caa31f28b0feabbe319d352bf58cb08adcc4dc8.pdf,12,1.0,1.0,0.6,0.9
399,domain_2,D,780fd55597cd81f1cf0d1492926ab69cfb115d89.pdf,8,780fd55597cd81f1cf0d1492926ab69cfb115d89.pdf,3,D|D|D,1.000000,1.000000,False,False,False,False,False,same_doc_answer_aware,predicted_answer,,0.092020,0.000000,11,0.000000,0.000000,,D,780fd55597cd81f1cf0d1492926ab69cfb115d89.pdf,8,1.0,1.0,1.0,1.0
400,domain_2,A,f4539bc3a79016285524705e25fee5a8d523db3d.pdf,1,f4539bc3a79016285524705e25fee5a8d523db3d.pdf,3,A|A|A,1.000000,1.000000,False,False,False,False,False,same_doc_answer_aware,predicted_answer,,0.020344,0.000000,8,0.000000,0.000000,,A,f4539bc3a79016285524705e25fee5a8d523db3d.pdf,5,1.0,1.0,0.5,0.875
401,domain_2,F,9d2df2f02cd5d57fe401497c3e64e47a3994112d.pdf,1,9d2df2f02cd5d57fe401497c3e64e47a3994112d.pdf,3,F|F|F,1.000000,1.000000,False,False,False,False,False,same_doc_answer_aware,predicted_answer,,0.198489,0.000000,5,0.000000,0.000000,,F,9d2df2f02cd5d57fe401497c3e64e47a3994112d.pdf,1,1.0,1.0,1.0,1.0
402,domain_2,F,2ee44110e9b8b4b6f0e41ef9c8cc553be744551b.pdf,3,2ee44110e9b8b4b6f0e41ef9c8cc553be744551b.pdf,3,F|F|F,1.000000,1.000000,False,False,False,False,False,same_doc_answer_aware,predicted_answer,,0.077646,0.000000,6,0.000000,0.000000,,F,2ee44110e9b8b4b6f0e41ef9c8cc553be744551b.pdf,3,1.0,1.0,1.0,1.0
403,domain_1,D,31e80927922c1ffb86a2fcf32c073097d8f4ac72.pdf,46,31e80927922c1ffb86a2fcf32c073097d8f4ac72.pdf,3,D|D|D,1.000000,1.000000,False,False,False,False,False,same_doc_answer_aware,predicted_answer,,0.070084,0.000000,48,0.000000,0.000000,,D,31e80927922c1ffb86a2fcf32c073097d8f4ac72.pdf,47,1.0,1.0,0.9791666666666666,0.9947916666666666
404,domain_1,C,b59848334218c38574465a72b75d6b4744bb985f.pdf,3,b59848334218c38574465a72b75d6b4744bb985f.pdf,3,C|C|C,1.000000,1.000000,False,False,False,False,False,same_doc_answer_aware,predicted_answer,,0.000873,0.000000,101,0.000000,0.000000,,C,b59848334218c38574465a72b75d6b4744bb985f.pdf,3,1.0,1.0,1.0,1.0
405,domain_1,D,cadef3fc7594662353b7c94387b63a926b5d92d3.pdf,21,cadef3fc7594662353b7c94387b63a926b5d92d3.pdf,3,D|D|D,1.000000,1.000000,False,False,False,False,False,same_doc_answer_aware,predicted_answer,,,,59,0.000000,0.000000,,D,cadef3fc7594662353b7c94387b63a926b5d92d3.pdf,20,1.0,1.0,0.9830508474576272,0.9957627118644068
406,domain_1,A,61990b93694d93444332fc6fa6a0f837ee312bdb.pdf,22,61990b93694d93444332fc6fa6a0f837ee312bdb.pdf,3,A|A|A,1.000000,1.000000,False,False,False,False,False,same_doc_answer_aware,predicted_answer,,0.125577,0.000000,27,0.000000,0.000000,,A,61990b93694d93444332fc6fa6a0f837ee312bdb.pdf,23,1.0,1.0,0.962962962962963,0.9907407407407407
407,domain_2,E,aba537442395c1a4ca13d05e378a49a47865cc46.pdf,7,aba537442395c1a4ca13d05e378a49a47865cc46.pdf,3,E|E|E,1.000000,1.000000,False,False,False,False,False,same_doc_answer_aware,predicted_answer,,0.031966,0.000000,20,0.000000,0.000000,,E,cc340c81af3efa6ad4f864b38c4b1c497562df63.pdf,7,1.0,0.0,0.0,0.5
408,domain_1,A,61990b93694d93444332fc6fa6a0f837ee312bdb.pdf,22,61990b93694d93444332fc6fa6a0f837ee312bdb.pdf,3,A|A|A,1.000000,1.000000,False,False,False,False,False,same_doc_answer_aware,predicted_answer,,0.193204,0.000000,27,0.000000,0.000000,,F,61990b93694d93444332fc6fa6a0f837ee312bdb.pdf,8,0.0,1.0,0.4814814814814815,0.37037037037037035
409,domain_2,C,d80178b24cc3a40d841ec790e575767afd0a3fd9.pdf,23,d80178b24cc3a40d841ec790e575767afd0a3fd9.pdf,3,C|C|C,1.000000,1.000000,False,False,False,False,False,same_doc_answer_aware,predicted_answer,,0.017493,0.000000,26,0.000000,0.000000,,C,5ae9814fac3ba1f5048ce716f15304d3ead03823.pdf,15,1.0,0.0,0.0,0.5
410,domain_2,B,60d1bee90467207fbbac980b346b932229542c73.pdf,1,60d1bee90467207fbbac980b346b932229542c73.pdf,3,B|B|B,1.000000,1.000000,False,False,False,False,False,same_doc_answer_aware,predicted_answer,,0.187467,0.000000,10,0.000000,0.000000,,B,60d1bee90467207fbbac980b346b932229542c73.pdf,1,1.0,1.0,1.0,1.0
411,domain_1,E,cadef3fc7594662353b7c94387b63a926b5d92d3.pdf,8,cadef3fc7594662353b7c94387b63a926b5d92d3.pdf,3,E|E|E,1.000000,1.000000,False,False,False,False,False,same_doc_answer_aware,predicted_answer,,0.075608,0.000000,59,0.000000,0.000000,,E,cadef3fc7594662353b7c94387b63a926b5d92d3.pdf,8,1.0,1.0,1.0,1.0
412,domain_1,C,759dfc8486c0f02391d7cfc1fed753b0608fc601.pdf,43,759dfc8486c0f02391d7cfc1fed753b0608fc601.pdf,3,C|C|C,1.000000,1.000000,False,False,False,False,False,same_doc_answer_aware,predicted_answer,,,,79,0.000000,0.000000,,C,759dfc8486c0f02391d7cfc1fed753b0608fc601.pdf,43,1.0,1.0,1.0,1.0
413,domain_1,A,31e80927922c1ffb86a2fcf32c073097d8f4ac72.pdf,5,31e80927922c1ffb86a2fcf32c073097d8f4ac72.pdf,3,A|A|A,1.000000,1.000000,False,False,False,False,False,same_doc_answer_aware,predicted_answer,,,,48,0.000000,0.000000,,A,31e80927922c1ffb86a2fcf32c073097d8f4ac72.pdf,3,1.0,1.0,0.9583333333333334,0.9895833333333334
414,domain_2,C,fb285f08989b559f0080c9dd096d3557860f919d.pdf,1,fb285f08989b559f0080c9dd096d3557860f919d.pdf,3,C|C|C,1.000000,1.000000,False,False,False,False,False,same_doc_answer_aware,predicted_answer,,0.154976,0.000000,3,0.000000,0.000000,,C,fb285f08989b559f0080c9dd096d3557860f919d.pdf,1,1.0,1.0,1.0,1.0
415,domain_2,C,fb285f08989b559f0080c9dd096d3557860f919d.pdf,1,fb285f08989b559f0080c9dd096d3557860f919d.pdf,3,C|C|C,1.000000,1.000000,False,False,False,False,False,same_doc_answer_aware,predicted_answer,,0.088686,0.000000,3,0.000000,0.000000,,C,fb285f08989b559f0080c9dd096d3557860f919d.pdf,2,1.0,1.0,0.6666666666666667,0.9166666666666667
416,domain_2,B,114aa3c7890f255d1134a31a22a29caae427a6f1.pdf,7,114aa3c7890f255d1134a31a22a29caae427a6f1.pdf,3,B|B|B,1.000000,1.000000,False,False,False,False,False,same_doc_answer_aware,predicted_answer,,0.022665,0.000000,9,0.000000,0.000000,,B,114aa3c7890f255d1134a31a22a29caae427a6f1.pdf,8,1.0,1.0,0.8888888888888888,0.9722222222222222
417,domain_1,E,61990b93694d93444332fc6fa6a0f837ee312bdb.pdf,1,61990b93694d93444332fc6fa6a0f837ee312bdb.pdf,3,E|E|E,1.000000,1.000000,False,False,False,False,False,same_doc_answer_aware,predicted_answer,,0.132873,0.000000,27,0.000000,0.000000,,E,61990b93694d93444332fc6fa6a0f837ee312bdb.pdf,1,1.0,1.0,1.0,1.0
418,domain_1,B,759dfc8486c0f02391d7cfc1fed753b0608fc601.pdf,53,759dfc8486c0f02391d7cfc1fed753b0608fc601.pdf,3,B|B|B,1.000000,1.000000,False,False,False,False,False,same_doc_answer_aware,predicted_answer,,0.121413,0.000000,79,0.000000,0.000000,,B,759dfc8486c0f02391d7cfc1fed753b0608fc601.pdf,53,1.0,1.0,1.0,1.0
419,domain_1,F,61990b93694d93444332fc6fa6a0f837ee312bdb.pdf,22,61990b93694d93444332fc6fa6a0f837ee312bdb.pdf,3,F|F|F,1.000000,1.000000,False,False,False,False,False,same_doc_answer_aware,predicted_answer,,0.128923,0.000000,27,0.000000,0.000000,,F,61990b93694d93444332fc6fa6a0f837ee312bdb.pdf,8,1.0,1.0,0.4814814814814815,0.8703703703703703
420,domain_2,A,986dbec74e7ac870dfcf8b14337b301227c61238.pdf,1,986dbec74e7ac870dfcf8b14337b301227c61238.pdf,3,A|A|A,1.000000,1.000000,False,False,False,False,False,same_doc_answer_aware,predicted_answer,,0.169046,0.000000,2,0.000000,0.000000,,A,986dbec74e7ac870dfcf8b14337b301227c61238.pdf,1,1.0,1.0,1.0,1.0
421,domain_2,F,51fc038fd5ddeade0c2c261e2b56508b287bab98.pdf,2,51fc038fd5ddeade0c2c261e2b56508b287bab98.pdf,3,F|F|F,1.000000,1.000000,False,False,False,False,False,same_doc_answer_aware,predicted_answer,,0.036238,0.000000,3,0.000000,0.000000,,F,51fc038fd5ddeade0c2c261e2b56508b287bab98.pdf,2,1.0,1.0,1.0,1.0
422,domain_2,D,fc5f5d668b03d9b606779484d465efcb4436a6be.pdf,2,fc5f5d668b03d9b606779484d465efcb4436a6be.pdf,3,D|D|D,1.000000,1.000000,False,False,False,False,False,same_doc_answer_aware,predicted_answer,,0.149873,0.000000,4,0.000000,0.000000,,D,fc5f5d668b03d9b606779484d465efcb4436a6be.pdf,2,1.0,1.0,1.0,1.0
423,domain_2,A,aba537442395c1a4ca13d05e378a49a47865cc46.pdf,1,aba537442395c1a4ca13d05e378a49a47865cc46.pdf,3,A|A|A,1.000000,1.000000,False,False,False,False,False,same_doc_answer_aware,predicted_answer,,0.081350,0.000000,20,0.000000,0.000000,,A,aba537442395c1a4ca13d05e378a49a47865cc46.pdf,1,1.0,1.0,1.0,1.0
424,domain_2,F,1026d4282a0fb8d22694301adc83729950c8498b.pdf,2,1026d4282a0fb8d22694301adc83729950c8498b.pdf,3,F|F|F,1.000000,1.000000,False,False,False,False,False,same_doc_answer_aware,predicted_answer,,0.139392,0.000000,6,0.000000,0.000000,,F,1026d4282a0fb8d22694301adc83729950c8498b.pdf,2,1.0,1.0,1.0,1.0
425,domain_2,F,f4539bc3a79016285524705e25fee5a8d523db3d.pdf,1,f4539bc3a79016285524705e25fee5a8d523db3d.pdf,3,F|F|F,1.000000,1.000000,False,False,False,False,False,same_doc_answer_aware,predicted_answer,,0.073001,0.000000,8,0.000000,0.000000,,F,f4539bc3a79016285524705e25fee5a8d523db3d.pdf,3,1.0,1.0,0.75,0.9375
426,domain_1,C,b59848334218c38574465a72b75d6b4744bb985f.pdf,54,b59848334218c38574465a72b75d6b4744bb985f.pdf,3,C|C|C,1.000000,1.000000,False,False,False,False,False,same_doc_answer_aware,predicted_answer,,0.097864,0.000000,101,0.000000,0.000000,,C,b59848334218c38574465a72b75d6b4744bb985f.pdf,2,1.0,1.0,0.48514851485148514,0.8712871287128713
427,domain_1,E,b59848334218c38574465a72b75d6b4744bb985f.pdf,35,b59848334218c38574465a72b75d6b4744bb985f.pdf,3,E|E|E,1.000000,1.000000,False,False,False,False,False,same_doc_answer_aware,predicted_answer,,0.078568,0.000000,101,0.000000,0.000000,,E,b59848334218c38574465a72b75d6b4744bb985f.pdf,49,1.0,1.0,0.8613861386138614,0.9653465346534653
428,domain_1,D,b59848334218c38574465a72b75d6b4744bb985f.pdf,9,b59848334218c38574465a72b75d6b4744bb985f.pdf,3,D|D|D,1.000000,1.000000,False,False,False,False,False,same_doc_answer_aware,predicted_answer,,0.019748,0.000000,101,0.000000,0.000000,,D,b59848334218c38574465a72b75d6b4744bb985f.pdf,9,1.0,1.0,1.0,1.0
429,domain_2,C,f548cde5ba56c4e1d8aeca95c3e190f2711d6fa1.pdf,7,f548cde5ba56c4e1d8aeca95c3e190f2711d6fa1.pdf,3,C|C|C,1.000000,1.000000,False,False,False,False,False,same_doc_answer_aware,predicted_answer,,0.051228,0.000000,17,0.000000,0.000000,,F,7db5015ac19c3cd7bb04118b38a228b3572a358c.pdf,2,0.0,0.0,0.0,0.0
430,domain_1,E,759dfc8486c0f02391d7cfc1fed753b0608fc601.pdf,56,759dfc8486c0f02391d7cfc1fed753b0608fc601.pdf,3,E|E|E,1.000000,1.000000,False,False,False,False,False,same_doc_answer_aware,predicted_answer,,0.070249,0.000000,79,0.000000,0.000000,,E,759dfc8486c0f02391d7cfc1fed753b0608fc601.pdf,55,1.0,1.0,0.9873417721518988,0.9968354430379747
431,domain_1,F,b59848334218c38574465a72b75d6b4744bb985f.pdf,14,b59848334218c38574465a72b75d6b4744bb985f.pdf,3,F|F|F,1.000000,1.000000,False,False,False,False,False,same_doc_answer_aware,predicted_answer,,0.017265,0.000000,101,0.000000,0.000000,,F,b59848334218c38574465a72b75d6b4744bb985f.pdf,14,1.0,1.0,1.0,1.0
432,domain_1,C,31e80927922c1ffb86a2fcf32c073097d8f4ac72.pdf,5,31e80927922c1ffb86a2fcf32c073097d8f4ac72.pdf,3,C|C|C,1.000000,1.000000,False,False,False,False,False,same_doc_answer_aware,predicted_answer,,0.092299,0.000000,48,0.000000,0.000000,,C,31e80927922c1ffb86a2fcf32c073097d8f4ac72.pdf,4,1.0,1.0,0.9791666666666666,0.9947916666666666
433,domain_1,A,cadef3fc7594662353b7c94387b63a926b5d92d3.pdf,12,cadef3fc7594662353b7c94387b63a926b5d92d3.pdf,3,A|A|A,1.000000,1.000000,False,False,False,False,False,same_doc_answer_aware,predicted_answer,,,,59,0.000000,0.000000,,A,cadef3fc7594662353b7c94387b63a926b5d92d3.pdf,22,1.0,1.0,0.8305084745762712,0.9576271186440678
434,domain_2,D,67bfbcbe3cfd8f845785a8664b9b73b6b4751d72.pdf,1,67bfbcbe3cfd8f845785a8664b9b73b6b4751d72.pdf,3,D|D|D,1.000000,1.000000,False,False,False,False,False,same_doc_answer_aware,predicted_answer,,0.120034,0.000000,4,0.000000,0.000000,,D,67bfbcbe3cfd8f845785a8664b9b73b6b4751d72.pdf,1,1.0,1.0,1.0,1.0
435,domain_1,C,ac85a12a4483579ba8f51197b5c8ace05f5397e0.pdf,2,ac85a12a4483579ba8f51197b5c8ace05f5397e0.pdf,3,C|C|C,1.000000,1.000000,False,False,False,False,False,same_doc_answer_aware,predicted_answer,,0.081527,0.000000,25,0.000000,0.000000,,C,ac85a12a4483579ba8f51197b5c8ace05f5397e0.pdf,7,1.0,1.0,0.8,0.95
436,domain_1,C,a066d97ba4ff355ede19dabfdf01860cfa04a6de.pdf,5,a066d97ba4ff355ede19dabfdf01860cfa04a6de.pdf,3,C|C|C,1.000000,1.000000,False,False,False,False,False,same_doc_answer_aware,predicted_answer,,0.072937,0.000000,66,0.000000,0.000000,,C,a066d97ba4ff355ede19dabfdf01860cfa04a6de.pdf,3,1.0,1.0,0.9696969696969697,0.9924242424242424
437,domain_1,F,72e790ea927cb79b08838bcd0e290c83fd4f6e06.pdf,2,72e790ea927cb79b08838bcd0e290c83fd4f6e06.pdf,3,F|F|F,1.000000,1.000000,False,False,False,False,False,same_doc_answer_aware,predicted_answer,,0.133217,0.000000,89,0.000000,0.000000,,F,72e790ea927cb79b08838bcd0e290c83fd4f6e06.pdf,2,1.0,1.0,1.0,1.0
438,domain_1,C,cadef3fc7594662353b7c94387b63a926b5d92d3.pdf,25,cadef3fc7594662353b7c94387b63a926b5d92d3.pdf,3,C|C|C,1.000000,1.000000,False,False,False,False,False,same_doc_answer_aware,predicted_answer,,0.059372,0.000000,59,0.000000,0.000000,,C,cadef3fc7594662353b7c94387b63a926b5d92d3.pdf,25,1.0,1.0,1.0,1.0
439,domain_1,A,0ec2a844ab5e5f66bfff7d66dbd5b33bca34cc94.pdf,19,0ec2a844ab5e5f66bfff7d66dbd5b33bca34cc94.pdf,3,A|A|A,1.000000,1.000000,False,False,False,False,False,same_doc_answer_aware,predicted_answer,,0.066730,0.000000,122,0.000000,0.000000,,A,0ec2a844ab5e5f66bfff7d66dbd5b33bca34cc94.pdf,20,1.0,1.0,0.9918032786885246,0.9979508196721312
440,domain_2,D,2ee44110e9b8b4b6f0e41ef9c8cc553be744551b.pdf,3,2ee44110e9b8b4b6f0e41ef9c8cc553be744551b.pdf,3,D|D|D,1.000000,1.000000,False,False,False,False,False,same_doc_answer_aware,predicted_answer,,0.043110,0.000000,6,0.000000,0.000000,,D,2ee44110e9b8b4b6f0e41ef9c8cc553be744551b.pdf,3,1.0,1.0,1.0,1.0
441,domain_2,C,20e086e7585d5e496d67ed2313ceb5aa53b409b5.pdf,2,20e086e7585d5e496d67ed2313ceb5aa53b409b5.pdf,3,C|C|C,1.000000,1.000000,False,False,False,False,False,same_doc_answer_aware,predicted_answer,,0.159995,0.000000,13,0.000000,0.000000,,C,20e086e7585d5e496d67ed2313ceb5aa53b409b5.pdf,2,1.0,1.0,1.0,1.0
442,domain_1,F,a066d97ba4ff355ede19dabfdf01860cfa04a6de.pdf,8,a066d97ba4ff355ede19dabfdf01860cfa04a6de.pdf,3,F|F|F,1.000000,1.000000,False,False,False,False,False,same_doc_answer_aware,predicted_answer,,0.066504,0.000000,66,0.000000,0.000000,,F,a066d97ba4ff355ede19dabfdf01860cfa04a6de.pdf,8,1.0,1.0,1.0,1.0
443,domain_2,A,67bfbcbe3cfd8f845785a8664b9b73b6b4751d72.pdf,1,67bfbcbe3cfd8f845785a8664b9b73b6b4751d72.pdf,3,A|A|A,1.000000,1.000000,False,False,False,False,False,same_doc_answer_aware,predicted_answer,,0.091082,0.000000,4,0.000000,0.000000,,A,67bfbcbe3cfd8f845785a8664b9b73b6b4751d72.pdf,1,1.0,1.0,1.0,1.0
444,domain_2,E,60f2d879c17e5e6967e40c2315b8d46a987bda47.pdf,1,60f2d879c17e5e6967e40c2315b8d46a987bda47.pdf,3,E|E|E,1.000000,1.000000,False,False,False,False,False,same_doc_answer_aware,predicted_answer,,0.136743,0.000000,22,0.000000,0.000000,,E,60f2d879c17e5e6967e40c2315b8d46a987bda47.pdf,1,1.0,1.0,1.0,1.0
445,domain_2,E,2ee44110e9b8b4b6f0e41ef9c8cc553be744551b.pdf,1,2ee44110e9b8b4b6f0e41ef9c8cc553be744551b.pdf,3,E|E|E,1.000000,1.000000,False,False,False,False,False,same_doc_answer_aware,predicted_answer,,0.181682,0.000000,6,0.000000,0.000000,,E,2ee44110e9b8b4b6f0e41ef9c8cc553be744551b.pdf,1,1.0,1.0,1.0,1.0
446,domain_2,E,60f2d879c17e5e6967e40c2315b8d46a987bda47.pdf,11,60f2d879c17e5e6967e40c2315b8d46a987bda47.pdf,3,E|E|E,1.000000,1.000000,False,False,False,False,False,same_doc_answer_aware,predicted_answer,,0.121434,0.000000,22,0.000000,0.000000,,E,60f2d879c17e5e6967e40c2315b8d46a987bda47.pdf,15,1.0,1.0,0.8181818181818181,0.9545454545454546
447,domain_2,E,60f2d879c17e5e6967e40c2315b8d46a987bda47.pdf,17,60f2d879c17e5e6967e40c2315b8d46a987bda47.pdf,3,E|E|E,1.000000,1.000000,False,False,False,False,False,same_doc_answer_aware,predicted_answer,,0.006104,0.000000,22,0.000000,0.000000,,F,b0e35f26831baa753925da047ca36d318a100825.pdf,2,0.0,0.0,0.0,0.0
448,domain_2,B,60f2d879c17e5e6967e40c2315b8d46a987bda47.pdf,10,60f2d879c17e5e6967e40c2315b8d46a987bda47.pdf,3,B|B|B,1.000000,1.000000,False,False,False,False,False,same_doc_answer_aware,predicted_answer,,0.000786,0.000000,22,0.000000,0.000000,,A,b0e35f26831baa753925da047ca36d318a100825.pdf,2,0.0,0.0,0.0,0.0
449,domain_1,A,0ec2a844ab5e5f66bfff7d66dbd5b33bca34cc94.pdf,2,0ec2a844ab5e5f66bfff7d66dbd5b33bca34cc94.pdf,3,A|A|A,1.000000,1.000000,False,False,False,False,False,same_doc_answer_aware,predicted_answer,,0.125520,0.000000,122,0.000000,0.000000,,A,0ec2a844ab5e5f66bfff7d66dbd5b33bca34cc94.pdf,2,1.0,1.0,1.0,1.0
450,domain_2,F,7db5015ac19c3cd7bb04118b38a228b3572a358c.pdf,1,7db5015ac19c3cd7bb04118b38a228b3572a358c.pdf,3,F|F|F,1.000000,1.000000,False,False,False,False,False,same_doc_answer_aware,predicted_answer,,0.087137,0.000000,3,0.000000,0.000000,,F,7db5015ac19c3cd7bb04118b38a228b3572a358c.pdf,1,1.0,1.0,1.0,1.0
451,domain_2,E,cc340c81af3efa6ad4f864b38c4b1c497562df63.pdf,3,cc340c81af3efa6ad4f864b38c4b1c497562df63.pdf,3,E|E|E,1.000000,1.000000,False,False,False,False,False,same_doc_answer_aware,predicted_answer,,0.155252,0.000000,9,0.000000,0.000000,,E,cc340c81af3efa6ad4f864b38c4b1c497562df63.pdf,3,1.0,1.0,1.0,1.0
452,domain_1,F,0ec2a844ab5e5f66bfff7d66dbd5b33bca34cc94.pdf,5,0ec2a844ab5e5f66bfff7d66dbd5b33bca34cc94.pdf,3,F|F|F,1.000000,1.000000,False,False,False,False,False,same_doc_answer_aware,predicted_answer,,0.020517,0.000000,122,0.000000,0.000000,,F,0ec2a844ab5e5f66bfff7d66dbd5b33bca34cc94.pdf,12,1.0,1.0,0.9426229508196722,0.985655737704918
453,domain_2,C,b0e35f26831baa753925da047ca36d318a100825.pdf,2,b0e35f26831baa753925da047ca36d318a100825.pdf,3,C|C|C,1.000000,1.000000,False,False,False,False,False,same_doc_answer_aware,predicted_answer,,0.091229,0.000000,4,0.000000,0.000000,,F,b0e35f26831baa753925da047ca36d318a100825.pdf,2,0.0,1.0,1.0,0.5
454,domain_2,A,51fc038fd5ddeade0c2c261e2b56508b287bab98.pdf,1,51fc038fd5ddeade0c2c261e2b56508b287bab98.pdf,3,A|A|A,1.000000,1.000000,False,False,False,False,False,same_doc_answer_aware,predicted_answer,,0.152032,0.000000,3,0.000000,0.000000,,A,51fc038fd5ddeade0c2c261e2b56508b287bab98.pdf,1,1.0,1.0,1.0,1.0
455,domain_1,D,54a634188fe502d79e2653231c8ea286636142a0.pdf,34,54a634188fe502d79e2653231c8ea286636142a0.pdf,3,D|D|D,1.000000,1.000000,False,False,False,False,False,same_doc_answer_aware,predicted_answer,,0.088690,0.000000,173,0.000000,0.000000,,D,54a634188fe502d79e2653231c8ea286636142a0.pdf,33,1.0,1.0,0.9942196531791907,0.9985549132947977
456,domain_2,A,1caa31f28b0feabbe319d352bf58cb08adcc4dc8.pdf,10,1caa31f28b0feabbe319d352bf58cb08adcc4dc8.pdf,3,A|A|A,1.000000,1.000000,False,False,False,False,False,same_doc_answer_aware,predicted_answer,,0.176757,0.000000,15,0.000000,0.000000,,A,1caa31f28b0feabbe319d352bf58cb08adcc4dc8.pdf,1,1.0,1.0,0.4,0.85
457,domain_2,B,60f2d879c17e5e6967e40c2315b8d46a987bda47.pdf,12,60f2d879c17e5e6967e40c2315b8d46a987bda47.pdf,3,B|B|B,1.000000,1.000000,False,False,False,False,False,same_doc_answer_aware,predicted_answer,,0.146748,0.000000,22,0.000000,0.000000,,B,60f2d879c17e5e6967e40c2315b8d46a987bda47.pdf,11,1.0,1.0,0.9545454545454546,0.9886363636363636
458,domain_1,F,b59848334218c38574465a72b75d6b4744bb985f.pdf,43,b59848334218c38574465a72b75d6b4744bb985f.pdf,3,F|F|F,1.000000,1.000000,False,False,False,False,False,same_doc_answer_aware,predicted_answer,,0.118606,0.000000,101,0.000000,0.000000,,F,b59848334218c38574465a72b75d6b4744bb985f.pdf,43,1.0,1.0,1.0,1.0
459,domain_2,F,1caa31f28b0feabbe319d352bf58cb08adcc4dc8.pdf,12,1caa31f28b0feabbe319d352bf58cb08adcc4dc8.pdf,3,F|F|F,1.000000,1.000000,False,False,False,False,False,same_doc_answer_aware,predicted_answer,,0.169427,0.000000,15,0.000000,0.000000,,F,1caa31f28b0feabbe319d352bf58cb08adcc4dc8.pdf,12,1.0,1.0,1.0,1.0
460,domain_2,B,fb285f08989b559f0080c9dd096d3557860f919d.pdf,2,fb285f08989b559f0080c9dd096d3557860f919d.pdf,3,B|B|B,1.000000,1.000000,False,False,False,False,False,same_doc_answer_aware,predicted_answer,,0.090871,0.000000,3,0.000000,0.000000,,B,fb285f08989b559f0080c9dd096d3557860f919d.pdf,1,1.0,1.0,0.6666666666666667,0.9166666666666667
